app_id,name,release_date,is_free,developer,publisher,owners_range,price,vg_match_score,vg_name,vg_na_sales,vg_eu_sales,vg_jp_sales,vg_other_sales,vg_global_sales,vg_platform
342990,15 Days,2015/4/1,0,House of Tales,HandyGames,"20,000 .. 50,000",9.99,100,15 Days,0,0.01,0,0,0.01,PC
33730,18 Wheels of Steel: Extreme Trucker,2009/9/23,0,N,Cosmi Valusoft,"20,000 .. 50,000",9.99,100,18 Wheels of Steel: Extreme Trucker,0,0.02,0,0,0.02,PC
362780,18 Wheels of Steel: Extreme Trucker 2,2015/5/8,0,SCS Software,Cosmi Valusoft,"0 .. 20,000",9.99,100,18 Wheels of Steel: Extreme Trucker 2,0.08,0.02,0,0.01,0.11,PC
47000,4 Elements,2010/7/12,0,Playrix Entertainment,Playrix Entertainment,"50,000 .. 100,000",0,100,4 Elements,0,0.04,0,0.01,0.05,PC
778080,40 Winks,2018/10/22,0,Eurocom,"Piko Interactive LLC, Bleem!","0 .. 20,000",13.99,100,40 Winks,0.17,0.12,0,0.02,0.31,PS
251570,7 Days to Die,2024/7/25,0,The Fun Pimps,The Fun Pimps Entertainment LLC,"10,000,000 .. 20,000,000",44.99,100,7 Days to Die,0.03,0.07,0,0.02,0.12,PS4
15900,7 Wonders II,2008/6/10,0,MumboJumbo,Accelerate Games,"50,000 .. 100,000",9.99,100,7 Wonders II,0.14,0.15,0,0.03,0.32,DS
275810,7 Wonders of the Ancient World,2014/2/18,0,MumboJumbo,Accelerate Games,"50,000 .. 100,000",6.99,100,7 Wonders of the Ancient World,0.1,0.01,0,0.01,0.13,DS
16030,7 Wonders: Treasures of Seven,2008/11/14,0,MumboJumbo,Accelerate Games,"20,000 .. 50,000",9.99,100,7 Wonders: Treasures of Seven,0.02,0.03,0,0.01,0.05,DS
281200,A Boy and His Blob,2016/1/19,0,"Abstraction Games, WayForward",Ziggurat,"100,000 .. 200,000",9.99,100,A Boy and His Blob,0.19,0.02,0,0.02,0.22,Wii
313870,A Vampyre Story,2014/7/15,0,"Autumn Moon Entertainment, Jordan Freeman Group","Autumn Moon Entertainment, ZOOM Platform Media","20,000 .. 50,000",9.99,100,A Vampyre Story,0,0.01,0,0,0.02,PC
113400,APB Reloaded,2011/12/6,1,Little Orbit,Little Orbit,"2,000,000 .. 5,000,000",0,100,APB Reloaded,0.02,0.01,0,0,0.04,PC
2152730,Actua Tennis,2022/10/12,0,Gremlin Interactive,Pixel Games UK,"0 .. 20,000",7.99,100,Actua Tennis,0.07,0.05,0,0.01,0.13,PS
3800,Advent Rising,2006/9/14,0,"GlyphX Games, Cavetap",Ziggurat,"50,000 .. 100,000",9.99,100,Advent Rising,0.1,0.03,0,0,0.13,XB
450250,Aegis of Earth: Protonovus Assault,2016/7/18,0,ACQUIRE Corp.,Aksys Games,"0 .. 20,000",19.99,100,Aegis of Earth: Protonovus Assault,0.02,0.01,0,0.01,0.04,PSV
1009240,Again,2019/6/24,0,Redpix Games LLC,Redpix Games LLC,"0 .. 20,000",0.9,100,Again,0.07,0,0,0,0.07,DS
95900,Air Conflicts: Secret Wars,2011/7/15,0,"Games Farm, 3Division",Games Farm,"100,000 .. 200,000",5.99,100,Air Conflicts: Secret Wars,0.1,0.06,0,0.03,0.19,PS3
201490,Airline Tycoon 2,2011/10/24,0,b-Alive,Kalypso Media Digital,"50,000 .. 100,000",9.99,100,Airline Tycoon 2,0,0.04,0,0.01,0.05,PC
2076220,Akai Katana Shin,2022/12/14,0,"CITY CONNECTION, TAKE×0FF",CITY CONNECTION,"0 .. 20,000",29.99,100,Akai Katana Shin,0.04,0,0.01,0,0.06,X360
108710,Alan Wake,2012/2/16,0,Remedy Entertainment,Remedy Entertainment,"2,000,000 .. 5,000,000",14.99,100,Alan Wake,0.66,0.51,0.05,0.13,1.35,X360
1349340,Alias,2020/8/31,0,PotatoIndustries,PotatoIndustries,"0 .. 20,000",5.99,100,Alias,0.05,0.04,0,0.01,0.11,PS2
19680,Alice: Madness Returns,2011/6/17,0,Spicy Horse Games,Electronic Arts,"2,000,000 .. 5,000,000",9.99,100,Alice: Madness Returns,0.22,0.25,0.04,0.09,0.6,PS3
2203780,Alien,2022/11/24,0,Krujoko,Krujoko,"0 .. 20,000",1.19,100,Alien,0.74,0.04,0,0.01,0.79,2600
214490,Alien: Isolation,2014/10/6,0,"Creative Assembly, Feral Interactive (Mac), Feral Interactive (Linux)","SEGA, Feral Interactive (Mac), Feral Interactive (Linux)","2,000,000 .. 5,000,000",39.99,100,Alien: Isolation,0.34,0.56,0.04,0.19,1.13,PS4
1310410,Alone in the Dark,2024/3/20,0,Pieces Interactive,THQ Nordic,"200,000 .. 500,000",59.99,100,Alone in the Dark,0.14,0.3,0,0.05,0.49,X360
259190,Alone in the Dark: The New Nightmare,2013/10/29,0,"Darkworks, Spiral House",THQ Nordic,"20,000 .. 50,000",6.99,100,Alone in the Dark: The New Nightmare,0.09,0.06,0,0.01,0.16,PS
63110,Alter Ego,2010/8/3,0,bitComposer Games,Viva Media,"50,000 .. 100,000",9.99,100,Alter Ego,0,0.03,0,0.01,0.03,PC
630630,Apex,2017/10/19,0,"Arjan van Meerten, House of Secrets","Wevr, Inc","0 .. 20,000",2.99,100,Apex,0.1,0.03,0,0,0.14,XB
1125130,Area 51,2019/8/8,0,Steedie,Steedie,"0 .. 20,000",0.99,100,Area 51,0.4,0.27,0,0.05,0.72,PS
837790,Around the World in 80 Days,2018/4/3,0,Mzonestudio,M.INDIE,"20,000 .. 50,000",1.99,100,Around the World in 80 Days,0,0.14,0,0.02,0.16,DS
1700,Arx Fatalis,2007/4/3,0,Arkane Studios,Arkane Studios,"200,000 .. 500,000",1.64,100,Arx Fatalis,0.04,0.01,0,0,0.05,XB
441350,Assault Suit Leynos,2016/8/30,0,Dracue Software,Rising Star Games,"20,000 .. 50,000",19.99,100,Assault Suit Leynos,0.01,0,0,0,0.02,PS4
244210,Assetto Corsa,2014/12/19,0,Kunos Simulazioni,Kunos Simulazioni,"5,000,000 .. 10,000,000",19.99,100,Assetto Corsa,0,0.04,0,0.01,0.05,PS4
2058260,Asteroids,2022/7/17,1,N,N,"0 .. 20,000",,100,Asteroids,4,0.26,0,0.05,4.31,2600
7340,Azada,2010/4/21,0,Big Fish Games,Big Fish Games,"0 .. 20,000",9.99,100,Azada,0,0.02,0,0,0.02,3DS
31290,Back to the Future: The Game,2010/12/23,0,Telltale Games,Telltale Games,"500,000 .. 1,000,000",0,100,Back to the Future: The Game,0.1,0.04,0,0.03,0.17,PS4
1695830,Baldur's Gate: Dark Alliance,2021/12/17,0,"Square One Games Inc., Black Isle Studios",Interplay Entertainment Corp.,"50,000 .. 100,000",29.99,100,Baldur's Gate: Dark Alliance,0.61,0.48,0,0.16,1.24,PS2
1889930,Baldur's Gate: Dark Alliance II,2022/7/20,0,"Square One Games Inc., Black Isle Studios",Interplay Entertainment Corp.,"50,000 .. 100,000",29.99,100,Baldur's Gate: Dark Alliance II,0.34,0.26,0,0.09,0.68,PS2
580870,Ballistic,2017/2/20,0,Electrovore,Electrovore,"0 .. 20,000",2.99,100,Ballistic,0.02,0.01,0,0,0.04,PS
1475300,Barbarian,N,0,N,N,"0 .. 20,000",,100,Barbarian,0.07,0.06,0,0.02,0.14,PS2
57400,Batman: Arkham City,2011/11/15,0,Rocksteady Studios,Warner Bros. Interactive Entertainment,"50,000 .. 100,000",19.99,100,Batman: Arkham City,2.7,1.91,0.11,0.8,5.53,PS3
1346400,Battle Engine Aquila,2020/9/4,0,Lost Toys Ltd,Ziggurat,"50,000 .. 100,000",9.99,100,Battle Engine Aquila,0.02,0.01,0,0,0.03,PS2
237470,Battle Worlds: Kronos,2013/11/4,0,KING Art,"KING Art, THQ Nordic","20,000 .. 50,000",19.99,100,Battle Worlds: Kronos,0,0.01,0,0,0.01,PC
6870,Battlestations: Midway,2007/3/15,0,Eidos Interactive,Square Enix,"500,000 .. 1,000,000",0.97,100,Battlestations: Midway,0.21,0.02,0,0.02,0.26,X360
460790,Bayonetta,N,0,PlatinumGames,SEGA,"1,000,000 .. 2,000,000",19.99,100,Bayonetta,0.44,0.41,0.21,0.17,1.23,PS3
3300,Bejeweled 2 Deluxe,2006/8/30,0,"PopCap Games, Inc.","PopCap Games, Inc., Electronic Arts","50,000 .. 100,000",4.99,100,Bejeweled 2 Deluxe,0,0.02,0,0,0.02,PC
3560,Bejeweled Twist,2008/11/18,0,"PopCap Games, Inc.","PopCap Games, Inc., Electronic Arts","50,000 .. 100,000",4.99,100,Bejeweled Twist,0,0.09,0,0.01,0.1,DS
211200,Beyond Oasis,2012/5/2,0,N,SEGA,"0 .. 20,000",0.99,100,Beyond Oasis,0,0,0.05,0,0.05,GEN
960990,Beyond: Two Souls,N,0,Quantic Dream,Quantic Dream,"500,000 .. 1,000,000",19.99,100,Beyond: Two Souls,0.52,0.88,0.06,0.34,1.79,PS3
1377920,Big Mutha Truckers 2,2020/9/1,0,Strategy First,Strategy First,"0 .. 20,000",9.99,100,Big Mutha Truckers 2,0.1,0.07,0,0.03,0.2,PS2
203750,Binary Domain,N,0,Devil's Details,SEGA,"500,000 .. 1,000,000",14.99,100,Binary Domain,0.09,0.08,0.14,0.03,0.33,PS3
8870,BioShock Infinite,N,0,"Irrational Games, Virtual Programming (Linux)",2K,"5,000,000 .. 10,000,000",29.99,100,BioShock Infinite,1.22,0.57,0.02,0.15,1.96,X360
21670,Bionic Commando,2009/7/28,0,Capcom,Capcom,"200,000 .. 500,000",9.99,100,Bionic Commando,0.12,0.17,0.01,0.07,0.37,PS3
1998450,Black & White,2023/3/16,0,零创游戏(ZerocreationGame),方块游戏(CubeGame),"50,000 .. 100,000",14.99,100,Black & White,0,0.04,0,0.01,0.04,PC
1537320,Black Cat,N,1,N,N,"0 .. 20,000",,100,Black Cat,0,0,0.01,0,0.01,PS2
208670,Blades of Time,2012/4/20,0,Gaijin Entertainment Corporation,Gaijin Entertainment Corporation,"200,000 .. 500,000",9.99,100,Blades of Time,0.07,0.03,0,0.01,0.11,X360
263300,BlazBlue: Calamity Trigger,2014/2/13,0,Arc System Works,"H2 Interactive Co., Ltd.","200,000 .. 500,000",9.99,100,BlazBlue: Calamity Trigger,0.36,0.1,0.06,0.06,0.58,PS3
313500,Blitzkrieg 2 Anthology,2014/9/16,0,Nival,Nival,"200,000 .. 500,000",4.99,100,Blitzkrieg 2 Anthology,0,0.01,0,0,0.01,PC
719070,BlowOut,2018/3/6,0,"Terminal Reality, Cavetap",MIRROR Soft,"0 .. 20,000",6.99,100,BlowOut,0.11,0.09,0,0.03,0.23,PS2
2942690,Book of Spells,2024/5/8,0,Hardi,Hardi,"0 .. 20,000",39.99,100,Book of Spells,0.13,0.4,0,0.16,0.7,PS3
3033230,Bookworm,2024/9/7,0,Bjørnar Prytz,Marsch pannkaka!,"0 .. 20,000",1.99,100,Bookworm,0.31,0.01,0,0.02,0.34,DS
49520,Borderlands 2,N,0,"Gearbox Software, Aspyr (Mac), Aspyr (Linux)","2K, Aspyr (Mac), Aspyr (Linux)","10,000,000 .. 20,000,000",19.99,100,Borderlands 2,1.89,0.91,0.04,0.24,3.07,X360
261640,Borderlands: The Pre-Sequel,N,0,"2K Australia, Gearbox Software, Aspyr (Linux)","2K, Aspyr (Linux)","2,000,000 .. 5,000,000",39.99,100,Borderlands: The Pre-Sequel,0.46,0.22,0.01,0.06,0.75,X360
207690,Botanicula,2012/5/7,0,Amanita Design,Amanita Design,"200,000 .. 500,000",14.99,100,Botanicula,0,0.02,0,0,0.03,PC
705020,Bottom of the 9th,2017/10/11,0,Handelabra Games Inc.,Handelabra Games Inc.,"0 .. 20,000",0.99,100,Bottom of the 9th,0.37,0,0,0,0.37,N64
243930,Bound By Flame,2014/5/8,0,Spiders,Focus Entertainment,"200,000 .. 500,000",1.04,100,Bound By Flame,0.07,0.08,0,0.04,0.19,PS4
1807920,Breakdown,2021/11/21,0,QuickBobber,QuickBobber,"0 .. 20,000",3.99,100,Breakdown,0.09,0.03,0,0,0.12,XB
225260,Brutal Legend,N,0,Double Fine Productions,Double Fine Productions,"2,000,000 .. 5,000,000",14.99,100,Brutal Legend,0.62,0.27,0,0.09,0.98,X360
696180,Bullet Witch,2018/4/25,0,"Marvelous, Inc.","XSEED Games, Marvelous USA, Inc., Marvelous","50,000 .. 100,000",14.99,100,Bullet Witch,0.07,0.01,0.02,0.01,0.1,X360
12200,Bully: Scholarship Edition,2010/12/23,0,Rockstar New England,Rockstar Games,"2,000,000 .. 5,000,000",14.99,100,Bully: Scholarship Edition,0.53,0.4,0.03,0.11,1.07,X360
324310,Bus Simulator 16,2016/3/2,0,stillalive studios,astragon Entertainment,"200,000 .. 500,000",9.99,100,Bus Simulator 16,0,0.02,0,0,0.02,PC
10090,Call of Duty: World at War,2008/11/18,0,Treyarch,Activision,"2,000,000 .. 5,000,000",19.99,100,Call of Duty: World at War,4.79,1.9,0,0.69,7.37,X360
3020,Call of Juarez,2007/11/8,0,Techland,Techland Publishing,"500,000 .. 1,000,000",9.99,100,Call of Juarez,0.14,0.02,0,0.01,0.19,X360
21980,Call of Juarez: Bound in Blood,2009/7/2,0,Techland,Techland Publishing,"200,000 .. 500,000",9.99,100,Call of Juarez: Bound in Blood,0.35,0.38,0.01,0.16,0.89,PS3
264320,Captain Morgane and the Golden Turtle,2014/1/3,0,WizarBox,Reef Entertainment,"20,000 .. 50,000",4.99,100,Captain Morgane and the Golden Turtle,0,0.03,0,0,0.03,DS
505170,Carmageddon: Max Damage,2016/10/27,0,Stainless Games Ltd,THQ Nordic,"200,000 .. 500,000",16.99,100,Carmageddon: Max Damage,0.01,0.01,0,0,0.01,XOne
2889640,Carnival,N,0,N,N,"0 .. 20,000",,100,Carnival,0.32,0.02,0,0,0.34,2600
1249740,Carnival Games,2020/11/19,0,Mass Media Games,2K,"0 .. 20,000",39.99,100,Carnival Games,2.13,1.5,0.05,0.42,4.1,Wii
239250,Castlevania: Lords of Shadow 2,2014/2/25,0,MercurySteam,KONAMI,"200,000 .. 500,000",7.99,100,Castlevania: Lords of Shadow 2,0.03,0.13,0.02,0.04,0.22,PS3
23460,Ceville,2009/2/27,0,Realmforge Studios,Assemble Entertainment,"50,000 .. 100,000",3.99,100,Ceville,0,0.02,0,0,0.02,PC
35030,Championship Manager 2010,2009/10/5,0,N,N,"0 .. 20,000",0,100,Championship Manager 2010,0,0.01,0,0,0.01,PC
707140,Chess,2017/9/19,0,baKno Games,baKno Games,"0 .. 20,000",24.99,100,Chess,0.05,0.04,0,0.01,0.09,PS
256290,Child of Light,2014/4/29,0,Ubisoft Montréal,Ubisoft,"500,000 .. 1,000,000",4.49,100,Child of Light,0,0.07,0.02,0.02,0.11,PSV
390870,Circuit Breakers,2015/11/17,0,Triverske,"Triverske, Excalibur Publishing","50,000 .. 100,000",2.79,100,Circuit Breakers,0.04,0.03,0,0,0.07,PS
73010,Cities in Motion,2011/2/22,0,Colossal Order Ltd.,Paradox Interactive,"200,000 .. 500,000",19.99,100,Cities in Motion,0,0.04,0,0.01,0.05,PC
255710,Cities: Skylines,2015/3/10,0,Colossal Order Ltd.,Paradox Interactive,"5,000,000 .. 10,000,000",29.99,100,Cities: Skylines,0,0.13,0,0.01,0.14,PC
764550,City Builder,2017/12/19,0,BoomBox,BoomBox,"0 .. 20,000",9.99,100,City Builder,0.04,0,0,0,0.04,Wii
224740,Clockwork Empires,2016/10/26,0,"Gaslamp Games, Inc.","Gaslamp Games, Inc.","50,000 .. 100,000",0,100,Clockwork Empires,0,0.03,0,0,0.04,PC
408640,Code of Princess,2016/4/14,0,Studio Saizensen,KOMODO,"50,000 .. 100,000",14.99,100,Code of Princess,0.16,0,0.03,0.01,0.2,3DS
260650,Cold War,2014/1/8,0,Mindware Studios,THQ Nordic,"20,000 .. 50,000",4.99,100,Cold War,0.02,0.01,0,0,0.02,XB
49300,Commander: Conquest of the Americas,2010/7/30,0,Nitro Games,Nitro Games,"50,000 .. 100,000",9.99,100,Commander: Conquest of the Americas,0,0.02,0,0.01,0.03,PC
2711490,Commando,2024/6/21,0,Clansoft Limited,Clansoft Limited,"0 .. 20,000",7.99,100,Commando,0.71,0.16,0.25,0.03,1.14,NES
6830,Commandos 2: Men of Courage,2007/3/15,0,Pyro Studios,Kalypso Media Digital,"500,000 .. 1,000,000",4.99,100,Commandos 2: Men of Courage,0.09,0.07,0,0.02,0.18,PS2
6840,Commandos 3: Destination Berlin,2007/3/15,0,Pyro Studios,Kalypso Media Digital,"500,000 .. 1,000,000",4.99,100,Commandos 3: Destination Berlin,0,0.02,0,0,0.02,PC
231430,Company of Heroes 2,2013/6/25,0,"Relic Entertainment, Feral Interactive (Mac), Feral Interactive (Linux)","SEGA, Feral Interactive (Mac), Feral Interactive (Linux)","5,000,000 .. 10,000,000",19.99,100,Company of Heroes 2,0.06,0.25,0,0.05,0.36,PC
9340,Company of Heroes: Opposing Fronts,2007/9/24,0,Relic Entertainment,SEGA,"1,000,000 .. 2,000,000",19.99,100,Company of Heroes: Opposing Fronts,0.01,0.03,0,0.01,0.04,PC
20540,Company of Heroes: Tales of Valor,2009/4/8,0,Relic Entertainment,SEGA,"500,000 .. 1,000,000",19.99,100,Company of Heroes: Tales of Valor,0,0.03,0,0.01,0.04,PC
458730,Conception II: Children of the Seven Stars,2016/8/15,0,"Spike Chunsoft Co., Ltd.","Spike Chunsoft Co., Ltd.","50,000 .. 100,000",19.99,100,Conception II: Children of the Seven Stars,0.13,0,0.04,0.02,0.19,PSV
4720,Condemned: Criminal Origins,2012/10/29,0,Monolith,SEGA,"200,000 .. 500,000",14.95,100,Condemned: Criminal Origins,0.36,0.03,0,0.03,0.42,X360
8100,Conflict: Denied Ops,2008/2/8,0,Pivotal Games,Square Enix,"100,000 .. 200,000",0.89,100,Conflict: Denied Ops,0.08,0.09,0,0.02,0.19,X360
1994170,Constantine,2023/4/13,1,N,N,"0 .. 20,000",,100,Constantine,0.05,0.04,0,0.01,0.11,PS2
1868820,Contact,2022/2/11,0,UKZ Arts,PsychoFlux Entertainment,"0 .. 20,000",0.99,100,Contact,0.07,0,0.03,0.01,0.1,DS
224460,Contrast,2013/11/15,0,Compulsion Games,Egosoft,"200,000 .. 500,000",9.99,100,Contrast,0,0.01,0,0,0.02,PC
824830,Corpse Party: Blood Drive,2019/10/10,0,"MAGES. Inc., 5pb.",XSEED Games,"20,000 .. 50,000",19.99,100,Corpse Party: Blood Drive,0.11,0.03,0.06,0.05,0.24,PSV
778390,Corpse Party: Book of Shadows,2018/10/29,0,"MAGES. Inc., 5pb.","XSEED Games, Marvelous USA, Inc.","20,000 .. 50,000",14.99,100,Corpse Party: Book of Shadows,0,0,0.04,0,0.04,PSP
4880,Cossacks: European Wars,2011/8/26,0,GSC Game World,GSC World Publishing,"50,000 .. 100,000",4.99,100,Cossacks: European Wars,0,0.02,0,0,0.03,PC
10,Counter-Strike,2000/11/1,0,Valve,Valve,"10,000,000 .. 20,000,000",9.99,100,Counter-Strike,0.85,0.23,0,0.04,1.11,XB
240,Counter-Strike: Source,2004/11/1,0,Valve,Valve,"2,000,000 .. 5,000,000",9.99,100,Counter-Strike: Source,0,0.07,0,0.02,0.09,PC
38170,Cradle of Rome,2010/2/20,0,Awem Studio,Next Game,"0 .. 20,000",9.99,100,Cradle of Rome,0.06,0.16,0,0.03,0.25,DS
18420,Crazy Machines,2008/12/12,0,Fakt Software,Viva Media,"50,000 .. 100,000",9.99,100,Crazy Machines,0,0.03,0,0,0.04,DS
71230,Crazy Taxi,2011/3/4,0,SEGA,SEGA,"200,000 .. 500,000",7.99,100,Crazy Taxi,1.13,1.12,0.06,0.22,2.52,PS2
280220,Creeper World 3: Arc Eternal,2014/3/27,0,Knuckle Cracker,Knuckle Cracker,"200,000 .. 500,000",14.99,100,Creeper World 3: Arc Eternal,0,0,0.1,0,0.1,Wii
2257070,Crime Scene,2023/1/20,0,Enoops,Enoops,"0 .. 20,000",24.99,100,Crime Scene,0,0.02,0,0,0.02,DS
409850,Criminal Girls: Invite Only,2017/1/11,0,"Nippon Ichi Software, Inc.","NIS America, Inc.","20,000 .. 50,000",19.99,100,Criminal Girls: Invite Only,0.04,0.02,0.04,0.02,0.11,PSV
588880,Crush,2017/6/9,0,VIS-Games,SilentFuture,"0 .. 20,000",11.99,100,Crush,0.07,0,0,0.01,0.08,PSP
1239140,Cube,2020/3/8,0,chushengjia,chushengjia,"0 .. 20,000",0.99,100,Cube,0.02,0,0,0,0.02,PSP
223280,Cut the Rope,N,0,ZeptoLab UK Limited,ZeptoLab UK Limited,"0 .. 20,000",0,100,Cut the Rope,0.06,0,0,0.01,0.07,3DS
624080,Cyberia,2017/5/17,0,Xatrix Entertainment,Interplay Entertainment Corp.,"100,000 .. 200,000",9.99,100,Cyberia,0.05,0.03,0,0.01,0.09,PS
12790,Damnation,2009/5/22,0,Blue Omega Entertainment,"Codemasters, Electronic Arts","100,000 .. 200,000",9.99,100,Damnation,0.07,0.01,0,0.01,0.09,PS3
413420,Danganronpa 2: Goodbye Despair,2016/4/18,0,"Spike Chunsoft Co., Ltd., Abstraction Games","Spike Chunsoft Co., Ltd.","500,000 .. 1,000,000",19.99,100,Danganronpa 2: Goodbye Despair,0.13,0.07,0,0.06,0.26,PSV
555950,Danganronpa Another Episode: Ultra Despair Girls,2017/6/27,0,"Spike Chunsoft Co., Ltd.","Spike Chunsoft Co., Ltd.","200,000 .. 500,000",29.99,100,Danganronpa Another Episode: Ultra Despair Girls,0.1,0.03,0.12,0.04,0.28,PSV
413410,Danganronpa: Trigger Happy Havoc,N,0,"Spike Chunsoft Co., Ltd., Abstraction Games","Spike Chunsoft Co., Ltd.","1,000,000 .. 2,000,000",19.99,100,Danganronpa: Trigger Happy Havoc,0.14,0.07,0.15,0.06,0.41,PSV
1150700,Dark Arena,N,0,N,N,"0 .. 20,000",,100,Dark Arena,0.03,0.01,0,0,0.04,GBA
2308120,Dark Rift,2023/6/8,0,Kronos Digital Entertainment,"Piko Interactive LLC, Bleem.net","0 .. 20,000",9.99,100,Dark Rift,0.12,0.03,0,0,0.15,N64
29900,Dark Sector,2009/3/24,0,Digital Extremes,ND Games,"100,000 .. 200,000",9.99,100,Dark Sector,0.22,0.2,0.01,0.05,0.48,X360
320320,Darkstone,2014/9/25,0,Delphine Software,Microids,"50,000 .. 100,000",4.99,100,Darkstone,0.37,0.25,0,0.04,0.66,PS
45770,Dead Rising 2: Off the Record,2011/10/11,0,Capcom Vancouver,Capcom,"200,000 .. 500,000",19.99,100,Dead Rising 2: Off the Record,0.11,0.08,0.1,0.03,0.33,PS3
1693980,Dead Space,2023/1/27,0,Motive,Electronic Arts,"500,000 .. 1,000,000",59.99,100,Dead Space,1.05,0.67,0,0.3,2.02,PS3
245010,Deathtrap Dungeon,N,0,N,Square Enix,"20,000 .. 50,000",0.97,100,Deathtrap Dungeon,0.19,0.13,0,0.02,0.33,PS
202710,Demigod,N,0,Gas Powered Games,Stardock Entertainment,"0 .. 20,000",9.99,100,Demigod,0,0.02,0,0,0.02,PC
214340,Deponia,2012/8/6,0,Daedalic Entertainment,Daedalic Entertainment,"1,000,000 .. 2,000,000",2.99,100,Deponia,0,0.13,0,0.03,0.15,PC
273570,Descent,2014/2/11,0,Parallax,Interplay Inc.,"100,000 .. 200,000",9.99,100,Descent,0.11,0.07,0,0.01,0.19,PS
803330,Destroy All Humans!,2020/7/28,0,"Black Forest Games, Pandemic Studios",THQ Nordic,"1,000,000 .. 2,000,000",29.99,100,Destroy All Humans!,0.78,0.03,0,0.13,0.94,PS2
6920,Deus Ex: Invisible War,2007/3/29,0,Ion Storm,Eidos Interactive Corp.,"1,000,000 .. 2,000,000",6.99,100,Deus Ex: Invisible War,0.25,0.07,0,0.01,0.33,XB
337000,Deus Ex: Mankind Divided,2016/8/23,0,"Eidos Montreal, Feral Interactive (Linux), Feral Interactive (Mac)","Eidos Interactive Corp., Feral Interactive (Linux), Feral Interactive (Mac)","2,000,000 .. 5,000,000",29.99,100,Deus Ex: Mankind Divided,0.1,0.18,0,0.05,0.33,PS4
631510,Devil May Cry HD Collection,2018/3/13,0,"CAPCOM Co., Ltd.","CAPCOM Co., Ltd.","500,000 .. 1,000,000",29.99,100,Devil May Cry HD Collection,0.42,0.21,0.11,0.1,0.84,PS3
1530160,Digimon World: Next Order,N,0,"HYDE, Inc.",Bandai Namco Entertainment,"20,000 .. 50,000",59.99,100,Digimon World: Next Order,0,0,0.09,0,0.09,PSV
205100,Dishonored,2012/10/11,0,Arkane Studios,Bethesda Softworks,"2,000,000 .. 5,000,000",2.49,100,Dishonored,1.06,0.52,0.01,0.14,1.73,X360
322130,Disney Princess: Enchanted Journey,2014/10/10,0,Papaya Studio,Disney,"50,000 .. 100,000",19.99,100,Disney Princess: Enchanted Journey,1.24,0.04,0,0.09,1.38,Wii
318950,Disney Tangled,2014/10/6,0,Planet Moon Studios,Disney,"0 .. 20,000",19.99,100,Disney Tangled,0.58,0.37,0,0.09,1.04,DS
316260,Disney Universe,2014/10/6,0,Eurocom,Disney,"50,000 .. 100,000",19.99,100,Disney Universe,0.67,0.3,0,0.1,1.07,Wii
561100,Disney's Aladdin,2017/12/18,0,Virgin Games,Disney,"0 .. 20,000",0,100,Disney's Aladdin,0.94,0.34,0.21,0.27,1.75,SNES
339040,Disney's Chicken Little,2015/2/24,0,Avalanche Software,Disney,"50,000 .. 100,000",9.99,100,Disney's Chicken Little,0.5,0.18,0,0.01,0.7,GBA
561120,Disney's The Lion King,2017/12/18,0,Westwood Studios,Disney,"0 .. 20,000",0,100,Disney's The Lion King,1.26,0.39,0.08,0.06,1.79,SNES
220440,DmC: Devil May Cry,2013/1/24,0,Ninja Theory,Capcom,"1,000,000 .. 2,000,000",29.99,100,DmC: Devil May Cry,0.24,0.28,0.19,0.12,0.82,PS3
464450,DoDonPachi Resurrection,2016/10/13,0,"CAVE Interactive CO.,LTD.",KOMODO,"20,000 .. 50,000",29.99,100,DoDonPachi Resurrection,0,0.05,0,0.01,0.05,X360
317840,Dokuro,2014/12/8,0,"GAME ARTS Co., Ltd.","GungHo Online Entertainment America, Inc.","0 .. 20,000",9.99,100,Dokuro,0,0,0.01,0,0.01,PSV
216260,Don Bradman Cricket 14,2014/6/25,0,Big Ant Studios,Big Ant Studios,"20,000 .. 50,000",19.99,100,Don Bradman Cricket 14,0.01,0.09,0,0.02,0.12,PS4
2086360,Double Dragon Advance,2023/11/8,0,I.T.L.,Arc System Works,"0 .. 20,000",6.99,100,Double Dragon Advance,0.03,0.01,0,0,0.05,GBA
47810,Dragon Age: Origins - Ultimate Edition,N,0,BioWare,Electronic Arts,"1,000,000 .. 2,000,000",29.99,100,Dragon Age: Origins - Ultimate Edition,0,0.12,0,0.02,0.14,PC
498190,Dragon Rage,2016/7/22,0,Bulletproof Outlaws,Bulletproof Outlaws,"20,000 .. 50,000",6.99,100,Dragon Rage,0.03,0.02,0,0.01,0.06,PS2
3118760,Dragon Warrior,2024/8/8,0,junao,junao,"0 .. 20,000",0.99,100,Dragon Warrior,0.49,0,0.52,1.51,2.52,NES
227380,Dragon's Lair,2013/5/17,0,Digital Leisure Inc.,Digital Leisure Inc.,"50,000 .. 100,000",9.99,100,Dragon's Lair,0.02,0,0,0,0.02,DS
755630,Drake of the 99 Dragons,2018/3/7,0,Idol FX,Majesco Entertainment,"20,000 .. 50,000",3.99,100,Drake of the 99 Dragons,0.05,0.01,0,0,0.07,XB
2741820,Drama Queens,N,0,N,N,"0 .. 20,000",,100,Drama Queens,0.07,0,0,0.01,0.08,DS
215790,Dream Pinball 3D,2012/9/19,0,ASK Homework,Topware Interactive ACE,"500,000 .. 1,000,000",9.99,100,Dream Pinball 3D,0.1,0.03,0,0.01,0.14,Wii
6300,Dreamfall: The Longest Journey,2007/1/12,0,Funcom,Funcom,"200,000 .. 500,000",5.99,100,Dreamfall: The Longest Journey,0.03,0.01,0,0,0.04,XB
57900,Duke Nukem Forever,2011/6/9,0,Gearbox Software,2K,"1,000,000 .. 2,000,000",19.99,100,Duke Nukem Forever,0.52,0.25,0,0.07,0.84,X360
65800,Dungeon Defenders,2011/10/18,0,Chromatic Games,Chromatic Games,"2,000,000 .. 5,000,000",14.99,100,Dungeon Defenders,0.02,0,0,0,0.02,PC
2447480,Dungeon Raiders,N,0,N,N,"0 .. 20,000",,100,Dungeon Raiders,0.05,0,0,0,0.05,DS
39200,Dungeon Siege II,N,0,Gas Powered Games,Square Enix,"500,000 .. 1,000,000",0.97,100,Dungeon Siege II,0,0.02,0,0,0.03,PC
57650,Dungeons,2011/2/4,0,Realmforge Studios,Kalypso Media Digital,"200,000 .. 500,000",9.99,100,Dungeons,0.07,0.02,0,0.01,0.09,PC
200550,Dungeons - The Dark Lord,2011/9/27,0,Realmforge Studios,Kalypso Media Digital,"100,000 .. 200,000",9.99,100,Dungeons - The Dark Lord,0,0.01,0,0,0.02,PC
239140,Dying Light,2021/7/15,0,Techland,Techland,"10,000,000 .. 20,000,000",19.99,100,Dying Light,0.63,0.66,0.11,0.26,1.66,PS4
211201,Dynamite Headdy,2012/5/2,0,N,SEGA,"20,000 .. 50,000",0.99,100,Dynamite Headdy,0,0,0.05,0,0.05,GEN
8500,EVE Online,2010/12/15,1,CCP,CCP,"2,000,000 .. 5,000,000",0,100,EVE Online,0,0.19,0,0.02,0.22,PC
23530,Earth Defense Force: Insect Armageddon,2011/12/14,0,"Vicious Cycle Software, Inc.","D3Publisher of America, Inc.","100,000 .. 200,000",9.99,100,Earth Defense Force: Insect Armageddon,0.06,0.04,0.08,0.02,0.2,PS3
38480,Earthworm Jim,N,0,Interplay Inc.,Interplay Inc.,"0 .. 20,000",0,100,Earthworm Jim,0.2,0.08,0,0.01,0.29,GBA
38490,Earthworm Jim 2,2009/11/4,0,Shiny Entertainment,Interplay Inc.,"20,000 .. 50,000",19.99,100,Earthworm Jim 2,0.02,0.01,0,0,0.03,GBA
41600,Earthworm Jim 3D,2009/11/4,0,VIS Interactive,Interplay Inc.,"20,000 .. 50,000",19.99,100,Earthworm Jim 3D,0.1,0.02,0,0,0.12,N64
25930,East India Company,2009/7/31,0,Nitro Games,Nitro Games,"50,000 .. 100,000",9.99,100,East India Company,0.01,0,0,0,0.01,PC
219910,Edna & Harvey: Harvey's New Eyes,2012/10/16,0,Daedalic Entertainment,Daedalic Entertainment,"200,000 .. 500,000",2.99,100,Edna & Harvey: Harvey's New Eyes,0,0.07,0,0.01,0.09,PC
25850,Elven Legacy,2009/4/7,0,1C:InoCo,Fulqrum Publishing,"50,000 .. 100,000",4.99,100,Elven Legacy,0.01,0,0,0,0.02,PC
1223090,Emily Archer and the Curse of Tutankhamun,2020/1/23,0,Mad Data,HH-Games,"0 .. 20,000",3.99,100,Emily Archer and the Curse of Tutankhamun,0,0.03,0,0,0.03,DS
253980,Enclave,2013/10/4,0,Starbreeze,Topware Interactive,"2,000,000 .. 5,000,000",9.99,100,Enclave,0.11,0.03,0,0.01,0.14,XB
256190,Enemy Front,2014/6/10,0,CI Games,CI Games,"200,000 .. 500,000",19.99,100,Enemy Front,0.01,0.05,0,0.01,0.07,PS3
1420980,Epidemic,2021/3/4,0,NULLA,RPK-studio,"0 .. 20,000",6.99,100,Epidemic,0.02,0.01,0.1,0.01,0.14,PS
226560,Escape Dead Island,2014/11/20,0,Fatshark,Deep Silver,"200,000 .. 500,000",14.99,100,Escape Dead Island,0.03,0.05,0,0.01,0.09,X360
298020,Escape The Museum,2014/4/29,0,Gogii Games,Strategy First,"20,000 .. 50,000",3.99,100,Escape The Museum,0.05,0.12,0,0.02,0.19,DS
232010,Euro Truck Simulator,2013/3/8,0,SCS Software,SCS Software,"1,000,000 .. 2,000,000",4.99,100,Euro Truck Simulator,0,0.42,0,0.09,0.51,PC
227300,Euro Truck Simulator 2,N,0,SCS Software,SCS Software,"10,000,000 .. 20,000,000",19.99,100,Euro Truck Simulator 2,0,0.12,0,0.02,0.13,PC
25800,Europa Universalis III Complete,2009/2/4,0,Paradox Development Studio,Paradox Interactive,"200,000 .. 500,000",14.99,100,Europa Universalis III Complete,0,0.02,0,0,0.02,PC
3720,Evil Genius,2009/6/22,0,Elixir Studios,Rebellion,"200,000 .. 500,000",9.99,100,Evil Genius,0,0.01,0,0,0.02,PC
804000,Expendable,2018/2/27,0,Rage Software,Funbox Media Ltd,"0 .. 20,000",3.99,100,Expendable,0.03,0.02,0,0,0.05,PS
21090,F.E.A.R.,2010/5/21,0,"Monolith Productions, Inc., Timegate","Warner Bros. Games, Warner Bros. Interactive Entertainment","1,000,000 .. 2,000,000",54.99,100,F.E.A.R.,0.18,0.27,0,0.1,0.55,PS3
16450,F.E.A.R. 2: Project Origin,2009/2/12,0,Monolith,"Warner Bros. Games, Warner Bros. Interactive Entertainment","500,000 .. 1,000,000",14.99,100,F.E.A.R. 2: Project Origin,0.32,0.15,0,0.05,0.53,X360
21100,F.E.A.R. 3,2011/6/21,0,Day 1 Studios,Warner Bros. Interactive Entertainment,"1,000,000 .. 2,000,000",19.99,100,F.E.A.R. 3,0.21,0.17,0.01,0.07,0.46,PS3
2769570,Fable,N,0,N,N,"0 .. 20,000",,100,Fable,1.99,0.58,0,0.09,2.66,XB
347830,Fairy Fencer F,2015/8/4,0,"Idea Factory, Compile Heart",Idea Factory International,"200,000 .. 500,000",9.99,100,Fairy Fencer F,0.05,0.05,0.09,0.02,0.2,PS3
22300,Fallout 3,2008/10/28,0,Bethesda Game Studios,Bethesda Softworks,"1,000,000 .. 2,000,000",9.99,100,Fallout 3,3.39,1.03,0.09,0.44,4.96,X360
377160,Fallout 4,N,0,Bethesda Game Studios,Bethesda Softworks,"10,000,000 .. 20,000,000",6.59,100,Fallout 4,2.47,3.15,0.24,1.1,6.96,PS4
22380,Fallout: New Vegas,2010/10/21,0,Obsidian Entertainment,Bethesda Softworks,"5,000,000 .. 10,000,000",9.99,100,Fallout: New Vegas,2.65,1.06,0.04,0.33,4.08,X360
220240,Far Cry 3,2012/11/28,0,"Ubisoft Montreal, Massive Entertainment, and Ubisoft Shanghai",Ubisoft,"2,000,000 .. 5,000,000",19.99,100,Far Cry 3,0.88,1.75,0.1,0.72,3.45,PS3
38120,Farm Frenzy,2010/2/15,0,Alawar,Next Game,"0 .. 20,000",4.99,100,Farm Frenzy,0.01,0,0,0,0.02,PC
38150,Farm Frenzy 3,2010/2/15,0,Alawar,Next Game,"20,000 .. 50,000",9.99,100,Farm Frenzy 3,0,0.03,0,0.01,0.04,PC
90200,Farming Simulator 2011,2010/10/29,0,Giants Software,Giants Software,"100,000 .. 200,000",7.99,100,Farming Simulator 2011,0,0.13,0,0,0.13,PC
3017070,Fireball,N,0,N,N,"0 .. 20,000",,100,Fireball,0.3,0.02,0,0,0.33,2600
16130,Fish Tycoon,2008/5/12,0,Last Day of Work,N,"0 .. 20,000",9.99,100,Fish Tycoon,0.24,0,0,0.02,0.27,DS
6220,FlatOut,2007/2/2,0,"Bugbear Entertainment, ZOOM Platform Media, Jordan Freeman Group",Strategy First,"200,000 .. 500,000",1.49,100,FlatOut,0.19,0.15,0,0.05,0.38,PS2
2990,FlatOut 2,2006/12/21,0,"Bugbear Entertainment, ZOOM Platform Media, Jordan Freeman Group",Strategy First,"500,000 .. 1,000,000",1.99,100,FlatOut 2,0.08,0.06,0,0.02,0.16,PS2
34220,Football Manager 2011,N,0,N,N,"0 .. 20,000",0,100,Football Manager 2011,0,1.01,0,0.25,1.26,PC
1826530,Forsaken,2022/4/29,0,"Atharv Raj Soni, Naman Choudhary, Aryans Tiwari","Atharv Raj Soni, Naman Choudhary, Aryans Tiwari","0 .. 20,000",14.99,100,Forsaken,0.13,0.09,0,0.02,0.24,PS
2440510,Forza Motorsport,2023/10/9,0,Turn 10,Xbox Game Studios,"500,000 .. 1,000,000",69.99,100,Forza Motorsport,0.52,0.51,0,0.02,1.05,XB
254940,Free Running,2019/12/3,0,Rebellion,Rebellion,"20,000 .. 50,000",5.99,100,Free Running,0.02,0.02,0,0,0.04,Wii
1347780,Freedom Fighters,2020/9/21,0,IO Interactive A/S,IO Interactive A/S,"100,000 .. 200,000",14.99,100,Freedom Fighters,0.25,0.2,0,0.07,0.52,PS2
43000,Front Mission Evolved,2010/10/7,0,Double Helix Games,Square Enix,"200,000 .. 500,000",9.99,100,Front Mission Evolved,0.09,0.07,0.11,0.03,0.29,PS3
4520,Full Spectrum Warrior,2007/7/17,0,Pandemic Studios,THQ Nordic,"100,000 .. 200,000",9.99,100,Full Spectrum Warrior,0.54,0.16,0,0.03,0.73,XB
4530,Full Spectrum Warrior: Ten Hammers,2007/7/17,0,Pandemic Studios,THQ Nordic,"50,000 .. 100,000",9.99,100,Full Spectrum Warrior: Ten Hammers,0.03,0.02,0,0.01,0.07,PS2
3212170,GRID,N,0,N,N,"0 .. 20,000",,100,GRID,0.31,0.57,0.03,0.2,1.11,PS3
44350,GRID 2,N,0,Codemasters Racing,Codemasters,"5,000,000 .. 10,000,000",0,100,GRID 2,0.07,0.23,0.01,0.09,0.39,PS3
44690,GT Legends,2012/11/28,0,SimBin Studios AB,SimBin,"50,000 .. 100,000",7.99,100,GT Legends,0,0.02,0,0,0.02,PC
208730,Game of Thrones,2012/6/7,0,Cyanide Studios,HandyGames,"200,000 .. 500,000",14.99,100,Game of Thrones,0.15,0.08,0,0.02,0.26,X360
1755970,Gauntlet,2021/10/5,0,FALCON GAMES,FALCON GAMES,"0 .. 20,000",2.99,100,Gauntlet,0.46,0.03,0,0.01,0.5,2600
2596830,Geist,2023/10/10,0,Dark Cloud City,Tyler Farley,"0 .. 20,000",1.99,100,Geist,0.11,0.03,0,0,0.15,GC
344030,Ghost Pirates of Vooju Island,2015/1/27,0,Autumn Moon,Viva Media,"20,000 .. 50,000",9.99,100,Ghost Pirates of Vooju Island,0,0.02,0,0,0.02,PC
1967430,Ghost Trick: Phantom Detective,2023/6/29,0,"CAPCOM Co., Ltd.","CAPCOM Co., Ltd.","100,000 .. 200,000",29.99,100,Ghost Trick: Phantom Detective,0.2,0.08,0.12,0.03,0.42,DS
557750,Giants: Citizen Kabuto,2016/12/2,0,Planet Moon Studios,Interplay,"20,000 .. 50,000",9.99,100,Giants: Citizen Kabuto,0.03,0.02,0,0.01,0.06,PS2
577580,Gladiator: Sword of Vengeance,2017/1/31,0,Throwback Entertainment,Throwback Entertainment,"0 .. 20,000",7.99,100,Gladiator: Sword of Vengeance,0.06,0.05,0,0.02,0.12,PS2
1257880,Glover,2022/4/20,0,Piko Interactive LLC,"Piko Interactive LLC, Bleem!","20,000 .. 50,000",19.99,100,Glover,0.72,0.17,0,0.01,0.91,N64
265930,Goat Simulator,2014/4/1,0,Coffee Stain Studios,Coffee Stain Publishing,"2,000,000 .. 5,000,000",9.99,100,Goat Simulator,0,0.01,0,0,0.01,XOne
978970,God Hand,2019/2/10,1,3D FACTORY,3D FACTORY,"20,000 .. 50,000",0,100,God Hand,0,0,0.07,0,0.07,PS2
1593500,God of War,2022/1/14,0,"Santa Monica Studio, Jetpack Interactive",PlayStation Publishing LLC,"5,000,000 .. 10,000,000",49.99,100,God of War,2.71,1.29,0.02,0.43,4.45,PS2
241910,Goodbye Deponia,2013/10/17,0,Daedalic Entertainment,Daedalic Entertainment,"500,000 .. 1,000,000",9.99,100,Goodbye Deponia,0,0.06,0,0.01,0.07,PC
361360,Goosebumps: The Game,2015/10/13,0,WayForward,GameMill Entertainment,"50,000 .. 100,000",9.99,100,Goosebumps: The Game,0.05,0,0,0.01,0.05,3DS
310470,Grand Ages: Medieval,2015/9/25,0,Gaming Minds Studios,Kalypso Media Digital,"100,000 .. 200,000",19.99,100,Grand Ages: Medieval,0,0.05,0.01,0.01,0.07,PS4
12180,Grand Theft Auto 2,2008/1/4,0,Rockstar North,Rockstar Games,"500,000 .. 1,000,000",0,100,Grand Theft Auto 2,1.13,2.07,0,0.22,3.42,PS
260570,Gray Matter,2014/4/1,0,WizarBox Production,Viva Media Inc,"100,000 .. 200,000",9.99,100,Gray Matter,0.02,0.05,0,0.01,0.09,PC
2503290,Grid Runner,N,0,N,N,"0 .. 20,000",,100,Grid Runner,0.02,0.01,0,0,0.03,PS
1284210,Guild Wars 2,2022/8/23,1,ArenaNet®,NCSOFT,"2,000,000 .. 5,000,000",0,100,Guild Wars 2,0.95,1.06,0,0.29,2.3,PC
267900,Guilty Gear Isuka,2014/1/16,0,Arc System Works,Arc System Works,"100,000 .. 200,000",9.99,100,Guilty Gear Isuka,0.05,0.04,0,0.01,0.1,PS2
314030,Guilty Gear X2 #Reload,2014/9/5,0,Arc System Works,Arc System Works,"100,000 .. 200,000",3.19,100,Guilty Gear X2 #Reload,0.11,0.03,0,0.01,0.15,XB
267920,Gun Metal,2014/1/16,0,Rage Software,Funbox Media Ltd,"200,000 .. 500,000",2.99,100,Gun Metal,0.08,0.02,0,0,0.11,XB
416670,Gunslingers,2015/12/17,0,Kovalim,Kovalim,"100,000 .. 200,000",0,100,Gunslingers,0.08,0.06,0,0.02,0.16,Wii
71117,Gunstar Heroes,2011/1/26,0,SEGA,SEGA,"0 .. 20,000",0.99,100,Gunstar Heroes,0,0,0.13,0,0.13,GEN
70,Half-Life,1998/11/8,0,Valve,Valve,"10,000,000 .. 20,000,000",9.99,100,Half-Life,4.03,0,0.09,0,4.12,PC
220,Half-Life 2,2004/11/16,0,Valve,Valve,"2,000,000 .. 5,000,000",9.99,100,Half-Life 2,2.28,0.02,0.08,0,2.37,PC
976730,Halo: The Master Chief Collection,N,0,"343 Industries, Splash Damage, Ruffian Games, Bungie, Saber Interactive",Xbox Game Studios,"5,000,000 .. 10,000,000",39.99,100,Halo: The Master Chief Collection,1.89,0.99,0.03,0.24,3.15,XOne
1942330,Haunted House,2023/10/12,0,Orbit Studio,Atari,"0 .. 20,000",19.99,100,Haunted House,0.13,0,0,0.01,0.14,Wii
25890,Hearts of Iron III,2009/8/7,0,Paradox Development Studio,Paradox Interactive,"500,000 .. 1,000,000",2.49,100,Hearts of Iron III,0.01,0.04,0,0.01,0.07,PC
394360,Hearts of Iron IV,2016/6/6,0,Paradox Development Studio,Paradox Interactive,"5,000,000 .. 10,000,000",49.99,100,Hearts of Iron IV,0,0.03,0,0,0.03,PC
305980,Heavy Fire: Afghanistan,2014/8/15,0,Teyon,Mastiff,"50,000 .. 100,000",2.99,100,Heavy Fire: Afghanistan,0.17,0,0,0.01,0.18,PS3
960910,Heavy Rain,2020/6/18,0,Quantic Dream,Quantic Dream,"500,000 .. 1,000,000",19.99,100,Heavy Rain,1.29,1.27,0.06,0.5,3.12,PS3
2360,Hexen: Beyond Heretic,2007/8/3,0,Raven Software,id Software,"200,000 .. 500,000",4.99,100,Hexen: Beyond Heretic,0.06,0.04,0,0.01,0.11,PS
6850,Hitman 2: Silent Assassin,2007/3/15,0,Io-Interactive A/S,Io-Interactive A/S,"1,000,000 .. 2,000,000",8.99,100,Hitman 2: Silent Assassin,1.36,1.15,0.04,0.41,2.96,PS2
6860,Hitman: Blood Money,2007/3/15,0,Io-Interactive A/S,Io-Interactive A/S,"1,000,000 .. 2,000,000",9.99,100,Hitman: Blood Money,0.25,0.19,0,0.06,0.5,PS2
247430,Hitman: Contracts,N,0,Io-Interactive A/S,Io-Interactive A/S,"500,000 .. 1,000,000",8.99,100,Hitman: Contracts,0.39,0.31,0,0.1,0.8,PS2
389900,Hogs of War,2015/7/28,0,"Infogrames Entertainment SA, Gremlin Interactive",Alternative Software Ltd.,"0 .. 20,000",5.29,100,Hogs of War,0.01,0.01,0,0,0.02,PS
55100,Homefront,2011/3/14,0,"Kaos Studios, Digital Extremes",Deep Silver,"2,000,000 .. 5,000,000",19.99,100,Homefront,0.83,0.48,0.02,0.12,1.46,X360
244160,Homeworld Remastered Collection,2015/2/25,0,"Gearbox Software, Aspyr (Mac)","Gearbox Publishing, Aspyr (Mac)","1,000,000 .. 2,000,000",34.99,100,Homeworld Remastered Collection,0,0.01,0,0,0.01,PC
11590,Hospital Tycoon,2009/2/13,0,Deep Red Limited,"Codemasters, Electronic Arts","20,000 .. 50,000",4.99,100,Hospital Tycoon,0,0.01,0,0,0.01,PC
38230,Hotel Giant 2,2010/1/27,0,"Enlight Software Limited, PerspectX",Toplitz Productions,"50,000 .. 100,000",1.99,100,Hotel Giant 2,0,0.03,0,0.01,0.04,PC
387340,Hyperdimension Neptunia U: Action Unleashed,2016/3/21,0,"Idea Factory, Compile Heart, Tamsoft",Idea Factory International,"200,000 .. 500,000",14.99,100,Hyperdimension Neptunia U: Action Unleashed,0.07,0.02,0.06,0.03,0.17,PSV
15320,IL-2 Sturmovik: 1946,2008/6/13,0,1C: Maddox Games,Fulqrum Publishing,"200,000 .. 500,000",9.99,100,IL-2 Sturmovik: 1946,0,0.04,0,0.01,0.04,PC
63950,IL-2 Sturmovik: Cliffs of Dover,2011/7/19,0,1C: Maddox Games,Fulqrum Publishing,"100,000 .. 200,000",0,100,IL-2 Sturmovik: Cliffs of Dover,0,0.04,0,0.01,0.05,PC
253750,Ikaruga,2014/2/18,0,TREASURE,TREASURE,"100,000 .. 200,000",9.99,100,Ikaruga,0.07,0.02,0,0,0.09,GC
277450,Imperial Glory,2014/4/11,0,Pyro Studios,Kalypso Media Digital,"100,000 .. 200,000",4.99,100,Imperial Glory,0,0.04,0,0,0.04,PC
1489140,Infected,2024/9/24,0,Dejan Milosevic,Dejan Milosevic,"0 .. 20,000",15.99,100,Infected,0.14,0,0,0.01,0.16,PSP
1505430,Inversion,2021/2/18,0,"Dnovel, FreeAnimals_Software",Conglomerate 5,"0 .. 20,000",0.99,100,Inversion,0.03,0.03,0,0.01,0.07,PS3
1132220,Iridion 3D,2020/4/8,0,"Shin'en Multimedia, Piko Interactive",Majesco Entertainment,"0 .. 20,000",12.99,100,Iridion 3D,0.33,0.12,0,0.01,0.46,GBA
1132230,Iridion II,2020/4/8,0,"Shin'en Multimedia, Piko Interactive",Majesco Entertainment,"0 .. 20,000",12.99,100,Iridion II,0.09,0.03,0,0,0.13,GBA
296180,Iron Storm,2014/5/8,0,Microids,Microids,"50,000 .. 100,000",2.99,100,Iron Storm,0,0,0.34,0,0.34,SAT
12340,Jack Keane,2008/6/27,0,Deck13,Deck13,"20,000 .. 50,000",9.99,100,Jack Keane,0,0.02,0,0,0.03,PC
2137460,Jawbreaker,2024/4/22,0,Vincent Lade,Vincent Lade,"0 .. 20,000",14.99,100,Jawbreaker,0.42,0.03,0,0,0.45,2600
2672350,Jewel Legends: Tree of Life,2023/11/25,0,Cerasus Media,HH-Games,"0 .. 20,000",5.99,100,Jewel Legends: Tree of Life,0,0.05,0,0.01,0.06,DS
638230,Journey,2020/6/11,0,thatgamecompany,Annapurna Interactive,"500,000 .. 1,000,000",14.99,100,Journey,0.04,0.15,0,0.06,0.25,PS3
201830,Jurassic Park: The Game,N,0,Telltale Games,Telltale Games,"200,000 .. 500,000",0,100,Jurassic Park: The Game,0.15,0,0,0.01,0.16,X360
6880,Just Cause,2007/3/15,0,Avalanche Studios,Square Enix,"1,000,000 .. 2,000,000",0.97,100,Just Cause,0.1,0.03,0.01,0.01,0.14,X360
8190,Just Cause 2,2010/3/23,0,Avalanche Studios,Square Enix,"2,000,000 .. 5,000,000",1.49,100,Just Cause 2,0.45,0.94,0.06,0.33,1.78,PS3
1574670,Kaboom!,2021/7/30,0,CubeCoders Limited,CubeCoders Limited,"0 .. 20,000",6.99,100,Kaboom!,1.07,0.07,0,0.01,1.15,2600
28000,Kane & Lynch 2: Dog Days,2010/8/17,0,IO Interactive,Square Enix,"500,000 .. 1,000,000",9.99,100,Kane & Lynch 2: Dog Days,0.17,0.28,0.05,0.1,0.59,PS3
2850310,Kanon,2024/6/19,0,VISUAL ARTS/Key,VISUAL ARTS,"0 .. 20,000",29.99,100,Kanon,0,0,0.06,0,0.06,DC
1370140,Kao the Kangaroo,2022/5/27,0,Tate Multimedia,Tate Multimedia,"20,000 .. 50,000",29.99,100,Kao the Kangaroo,0.01,0,0,0,0.01,GBA
577940,Killer Instinct,2017/9/27,1,Iron Galaxy Studios,Xbox Game Studios,"200,000 .. 500,000",0,100,Killer Instinct,2.26,0.72,0.12,0.1,3.2,SNES
3170,King's Bounty: Armored Princess,2009/11/19,0,Katauri Interactive,Fulqrum Publishing,"200,000 .. 500,000",9.99,100,King's Bounty: Armored Princess,0,0.01,0,0,0.01,PC
1315200,Kingdom Under Fire: Heroes,2020/6/24,0,Blueside,"Blueside, Incredi Soft","50,000 .. 100,000",19.99,100,Kingdom Under Fire: Heroes,0.11,0.03,0,0.01,0.15,XB
1121420,Kingdom Under Fire: The Crusaders,2020/2/28,0,Blueside,"Blueside, Incredi Soft","50,000 .. 100,000",19.99,100,Kingdom Under Fire: The Crusaders,0.24,0.07,0,0.01,0.32,XB
25830,Knights of Honor,2009/2/4,0,Black Sea Studios Ltd,Paradox Interactive,"200,000 .. 500,000",9.99,100,Knights of Honor,0,0.02,0,0.01,0.03,PC
452420,Koihime Enbu,2016/5/19,0,"UNKNOWN GAMES, M2 Co.,LTD",KOMODO,"0 .. 20,000",4.99,100,Koihime Enbu,0,0,0.02,0,0.02,PS4
110800,L.A. Noire,2011/11/8,0,"Team Bondi, Rockstar Leeds",Rockstar Games,"2,000,000 .. 5,000,000",19.99,100,L.A. Noire,1.27,1.33,0.12,0.51,3.23,PS3
1866420,La Pucelle: Ragnarok,2022/8/30,0,"Nippon Ichi Software, Inc., Engine Software BV","NIS America, Inc.","50,000 .. 100,000",19.99,100,La Pucelle: Ragnarok,0,0,0.03,0,0.03,PSP
500,Left 4 Dead,2008/11/17,0,Valve,Valve,"5,000,000 .. 10,000,000",9.99,100,Left 4 Dead,2.66,0.5,0.05,0.3,3.52,X360
550,Left 4 Dead 2,2009/11/16,0,Valve,Valve,"50,000,000 .. 100,000,000",9.99,100,Left 4 Dead 2,2.67,0.89,0.05,0.37,3.99,X360
224300,Legacy of Kain: Defiance,2012/12/6,0,Crystal Dynamics,Crystal Dynamics,"200,000 .. 500,000",6.99,100,Legacy of Kain: Defiance,0.26,0.2,0,0.07,0.53,PS2
313810,Legend of Kay Anniversary,2015/7/27,0,"KAIKO, Neon Studios",THQ Nordic,"20,000 .. 50,000",19.99,100,Legend of Kay Anniversary,0,0.02,0,0,0.02,PS4
1175830,Legend of Mana,2021/6/24,0,"Square Enix, M2 Co., Ltd.",Square Enix,"100,000 .. 200,000",29.99,100,Legend of Mana,0.18,0.13,0.73,0.07,1.11,PS
16730,Legendary,2008/12/1,0,Spark Unlimited,SouthPeak Games,"200,000 .. 500,000",5.99,100,Legendary,0.08,0.15,0,0.03,0.26,X360
1587860,Let's Ride! Silver Buckle Stables,2022/1/28,0,Coresoft Inc.,Cosmi Valusoft,"0 .. 20,000",4.99,100,Let's Ride! Silver Buckle Stables,0.05,0.04,0,0.01,0.09,PS2
397820,Let's Sing 2016,2016/1/21,0,Voxler Games,Ravenscourt,"50,000 .. 100,000",19.99,100,Let's Sing 2016,0.02,0,0,0.01,0.03,PS4
390310,Little King's Story,2016/8/5,0,"Marvelous, Inc.","XSEED Games, Marvelous USA, Inc., Marvelous","50,000 .. 100,000",14.99,100,Little King's Story,0.15,0.11,0.02,0.02,0.31,Wii
490080,Lock's Quest,2017/5/30,0,Digital Continue,HandyGames,"20,000 .. 50,000",14.99,100,Lock's Quest,0.08,0,0,0.01,0.09,DS
1501750,Lords of the Fallen,2023/10/13,0,HEXWORKS,CI Games,"1,000,000 .. 2,000,000",59.99,100,Lords of the Fallen,0.17,0.23,0.02,0.09,0.51,PS4
626600,Lost Dimension,2017/10/30,0,FURYU Corporation,Ghostlight LTD,"20,000 .. 50,000",24.99,100,Lost Dimension,0.07,0.03,0.02,0.03,0.14,PSV
40350,Lost Horizon,2010/9/24,0,Animation Arts,Ravenscourt,"50,000 .. 100,000",9.99,100,Lost Horizon,0,0.1,0,0.02,0.12,PC
15930,Luxor 3,2008/6/10,0,MumboJumbo,Accelerate Games,"50,000 .. 100,000",9.99,100,Luxor 3,0.16,0,0,0.01,0.17,Wii
38450,MDK,2009/9/17,0,Shiny Entertainment,"Jackbox Games, Inc.","20,000 .. 50,000",9.99,100,MDK,0.11,0.08,0,0.01,0.2,PS
55140,MX vs. ATV Reflex,2010/11/26,0,"Rainbow Studios, THQ Nordic",THQ Nordic,"200,000 .. 500,000",19.99,100,MX vs. ATV Reflex,0.52,0.26,0,0.12,0.91,PS3
282050,MX vs. ATV Supercross Encore,2015/10/27,0,"Rainbow Studios, THQ Nordic",THQ Nordic,"50,000 .. 100,000",29.99,100,MX vs. ATV Supercross Encore,0,0.05,0,0.01,0.06,PS4
359220,MX vs. ATV Unleashed,2015/4/16,0,Rainbow Studios,THQ Nordic,"20,000 .. 50,000",9.99,100,MX vs. ATV Unleashed,0.86,0.03,0,0.14,1.03,PS2
40700,Machinarium,2009/10/16,0,Amanita Design,Amanita Design,"1,000,000 .. 2,000,000",19.99,100,Machinarium,0,0.09,0,0.02,0.11,PC
40990,Mafia,N,0,Illusion Softworks,2K,"2,000,000 .. 5,000,000",14.99,100,Mafia,0.34,0.27,0,0.09,0.7,PS2
42910,Magicka,2011/1/25,0,Arrowhead Game Studios,Paradox Interactive,"2,000,000 .. 5,000,000",9.99,100,Magicka,0,0.02,0,0.01,0.03,PC
539270,Mahjong,2017/2/20,0,Sanuk Games,Nacon,"20,000 .. 50,000",9.99,100,Mahjong,0.01,0,2.13,0,2.14,NES
73020,Majesty 2 Collection,2011/4/19,0,1C:InoCo,Paradox Interactive,"200,000 .. 500,000",0,100,Majesty 2 Collection,0,0.01,0,0,0.02,PC
279140,Making History: The Great War,2015/1/29,0,"Muzzy Lane Software, Factus Games",Factus Games,"20,000 .. 50,000",29.99,100,Making History: The Great War,0,0,0.15,0,0.15,Wii
1799220,Malice,2022/11/2,0,Nimbus Games,SCRYsoft,"20,000 .. 50,000",7.99,100,Malice,0.01,0.01,0,0,0.02,PS2
12130,Manhunt,2008/1/4,0,Rockstar North,Rockstar Games,"200,000 .. 500,000",9.99,100,Manhunt,0.63,0.49,0,0.16,1.28,PS2
827780,Margot's Word Brain,2018/4/5,0,Slam Productions Ltd,Funbox Media Ltd,"20,000 .. 50,000",2.99,100,Margot's Word Brain,0.12,0,0,0.01,0.13,Wii
2343850,Martian Panic,2023/6/29,0,NYX Digital Ltd,Funbox Media Ltd,"20,000 .. 50,000",14.99,100,Martian Panic,0.08,0,0,0,0.08,Wii
433300,Marvel: Ultimate Alliance,2016/7/26,0,Zoë Mode,Activision,"50,000 .. 100,000",0,100,Marvel: Ultimate Alliance,2.29,0.02,0,0.19,2.5,X360
433320,Marvel: Ultimate Alliance 2,2016/7/26,0,Zoë Mode,Activision,"20,000 .. 50,000",0,100,Marvel: Ultimate Alliance 2,0.68,0.15,0,0.08,0.91,X360
396820,Mass Destruction,2015/8/24,0,NMS Software,Console Classics,"0 .. 20,000",8.99,100,Mass Destruction,0.06,0.04,0,0.01,0.11,PS
12140,Max Payne,2008/1/4,0,Remedy Entertainment,Rockstar Games,"1,000,000 .. 2,000,000",9.99,100,Max Payne,1.99,1.05,0.05,0.22,3.31,PS2
12150,Max Payne 2: The Fall of Max Payne,2008/1/4,0,Remedy Entertainment,Rockstar Games,"500,000 .. 1,000,000",9.99,100,Max Payne 2: The Fall of Max Payne,0.65,0.51,0,0.17,1.34,PS2
204100,Max Payne 3,N,0,Rockstar Studios,Rockstar Games,"2,000,000 .. 5,000,000",19.99,100,Max Payne 3,0.59,0.92,0.06,0.32,1.9,PS3
252970,McDROID,2014/9/5,0,Elefantopia,Elefantopia,"0 .. 20,000",4.99,100,McDROID,0,0,0.12,0,0.12,Wii
268240,Mechanic Escape,2014/4/15,0,Slak Games,Plug In Digital,"50,000 .. 100,000",0.79,100,Mechanic Escape,0,0,0.04,0,0.04,PS3
363440,Mega Man Legacy Collection,2015/8/24,0,Capcom,Capcom,"200,000 .. 500,000",14.99,100,Mega Man Legacy Collection,0.13,0,0.05,0.02,0.2,3DS
675610,Memories Off,2024/1/31,0,MAGES. Inc.,"Spike Chunsoft Co., Ltd.","0 .. 20,000",6.99,100,Memories Off,0,0,0.01,0,0.01,PSP
411330,Men of Valor,2016/2/9,0,2015,THQ Nordic,"100,000 .. 200,000",2.49,100,Men of Valor,0.19,0.05,0,0.01,0.25,XB
64000,Men of War: Assault Squad,2011/2/24,0,Digitalmindsoft,Fulqrum Publishing,"500,000 .. 1,000,000",9.99,100,Men of War: Assault Squad,0.01,0.03,0,0.01,0.05,PC
63940,Men of War: Vietnam,2011/9/8,0,Fulqrum Publishing,Fulqrum Publishing,"200,000 .. 500,000",7.99,100,Men of War: Vietnam,0,0.03,0,0.01,0.04,PC
314710,Mighty No. 9,2016/6/23,0,"Comcept, Inti Creates",Deep Silver,"200,000 .. 500,000",19.99,100,Mighty No. 9,0.04,0,0,0.01,0.05,PS4
322630,Mind Zero,2016/3/8,0,"ACQUIRE Corp., Zerodiv",Aksys Games,"0 .. 20,000",19.99,100,Mind Zero,0.08,0,0.04,0.02,0.15,PSV
35000,Mini Ninjas,2009/9/14,0,IO Interactive,Square Enix,"200,000 .. 500,000",1.49,100,Mini Ninjas,0.17,0.17,0,0.04,0.37,Wii
12670,Mission Runway,2009/7/17,0,Virtual Playground,Cosmi Valusoft,"0 .. 20,000",9.99,100,Mission Runway,0.07,0.01,0,0.01,0.08,DS
307780,Mortal Kombat X,2015/4/13,0,"NetherRealm Studios, QLOC","Warner Bros. Games, Warner Bros. Interactive Entertainment","2,000,000 .. 5,000,000",19.99,100,Mortal Kombat X,1.47,0.76,0,0.47,2.7,PS4
22100,Mount & Blade,2008/11/3,0,TaleWorlds Entertainment,TaleWorlds Entertainment,"500,000 .. 1,000,000",9.99,100,Mount & Blade,0,0.02,0,0,0.02,PC
48700,Mount & Blade: Warband,2010/3/31,0,TaleWorlds Entertainment,TaleWorlds Entertainment,"5,000,000 .. 10,000,000",19.99,100,Mount & Blade: Warband,0.01,0.01,0,0,0.02,PC
389870,Mugen Souls,2015/10/22,0,Idea Factory,Ghostlight LTD,"50,000 .. 100,000",19.99,100,Mugen Souls,0.04,0.03,0.08,0.01,0.16,PS3
466920,Mugen Souls Z,2016/8/25,0,Idea Factory,Ghostlight LTD,"0 .. 20,000",19.99,100,Mugen Souls Z,0.02,0.01,0.04,0.01,0.07,PS3
233290,Murdered: Soul Suspect,2014/6/5,0,Airtight Games,Square Enix,"1,000,000 .. 2,000,000",19.99,100,Murdered: Soul Suspect,0.09,0.16,0.02,0.05,0.32,PS4
377860,Mushihimesama,2015/11/12,0,"CAVE Interactive CO.,LTD.",KOMODO,"50,000 .. 100,000",19.99,100,Mushihimesama,0,0,0.02,0,0.02,X360
1255560,Myst,2021/8/26,0,Cyan Worlds Inc,Cyan Worlds Inc,"100,000 .. 200,000",29.99,100,Myst,0.02,2.79,0,0,2.81,PC
925930,Myst III: Exile,2018/9/24,0,Presto Studios,"Cyan Worlds Inc, Ubisoft","100,000 .. 200,000",14.99,100,Myst III: Exile,0.14,0.11,0,0.04,0.28,PS2
925940,Myst IV: Revelation,2018/9/24,0,Ubisoft Montreal,Cyan Worlds Inc,"50,000 .. 100,000",14.99,100,Myst IV: Revelation,0.04,0.01,0,0,0.05,XB
508450,NASCAR Heat Evolution,2016/9/12,0,Monster Games,Dusenberry Martin Racing,"20,000 .. 50,000",9.99,100,NASCAR Heat Evolution,0.03,0,0,0.01,0.03,PS4
370240,NBA 2K16,2015/9/29,0,Visual Concepts,2K,"500,000 .. 1,000,000",0,100,NBA 2K16,2.48,0.65,0.03,0.69,3.85,PS4
24870,Need for Speed: Shift,2009/10/6,0,Slightly Mad Studios,Electronic Arts,"200,000 .. 500,000",0,100,Need for Speed: Shift,0.69,1.41,0.04,0.53,2.68,PS3
527280,Nights of Azure,2017/2/7,0,"KOEI TECMO GAMES CO., LTD.","KOEI TECMO GAMES CO., LTD.","100,000 .. 200,000",29.99,100,Nights of Azure,0.03,0.02,0,0.01,0.06,PS4
1028500,Nightshade,2019/3/7,0,Beam Software,"Piko Interactive LLC, Bleem!","0 .. 20,000",8.99,100,Nightshade,0.06,0.04,0,0.01,0.12,PS2
482450,Nitroplus Blasterz: Heroines Infinite Duel,2016/12/8,0,EXAMU,"XSEED Games, Marvelous USA, Inc., Marvelous","100,000 .. 200,000",19.99,100,Nitroplus Blasterz: Heroines Infinite Duel,0.01,0,0.02,0,0.04,PS4
275850,No Man's Sky,2016/8/12,0,Hello Games,Hello Games,"5,000,000 .. 10,000,000",23.99,100,No Man's Sky,0.58,0.74,0.02,0.26,1.6,PS4
1420290,No More Heroes,2021/6/9,0,GRASSHOPPER MANUFACTURE INC.,"XSEED Games, Marvelous USA, Inc., Marvelous","200,000 .. 500,000",19.99,100,No More Heroes,0.3,0.17,0.04,0.05,0.57,Wii
1420300,No More Heroes 2: Desperate Struggle,2021/6/9,0,GRASSHOPPER MANUFACTURE INC.,"XSEED Games, Marvelous USA, Inc., Marvelous","50,000 .. 100,000",19.99,100,No More Heroes 2: Desperate Struggle,0.21,0.12,0.04,0.03,0.41,Wii
1898950,O.D.T.: Escape... Or Die Trying,2022/4/5,0,Psygnosis France,"Piko Interactive LLC, Bleem!","0 .. 20,000",12.99,100,O.D.T.: Escape... Or Die Trying,0.07,0.05,0,0.01,0.12,PS
254460,Obscure,2014/3/10,0,Hydravision Entertainment,Mighty Rocket Studio,"200,000 .. 500,000",6.99,100,Obscure,0.03,0.03,0,0.01,0.07,PS2
15740,Oddworld: Munch's Oddysee,2010/12/20,0,Oddworld Inhabitants,Oddworld Inhabitants,"100,000 .. 200,000",4.99,100,Oddworld: Munch's Oddysee,0.54,0.16,0,0.03,0.73,XB
200230,Off-Road Drive,2011/9/29,0,1C-Avalon,Fulqrum Publishing,"50,000 .. 100,000",4.99,100,Off-Road Drive,0,0.03,0,0.01,0.04,PC
200390,Oil Rush,2012/1/25,1,Unigine Corp.,Unigine Corp.,"200,000 .. 500,000",0,100,Oil Rush,0,0.02,0,0,0.02,PC
683280,Omega Quintet,2017/12/15,0,Idea Factory,Ghostlight LTD,"0 .. 20,000",29.99,100,Omega Quintet,0,0,0.02,0,0.02,PS4
446390,Onechanbara Z2: Chaos,2016/6/2,0,Tamsoft,D3PUBLISHER,"20,000 .. 50,000",39.99,100,Onechanbara Z2: Chaos,0.13,0.02,0.04,0.04,0.24,PS4
761600,Onimusha: Warlords,2019/1/15,0,"CAPCOM CO., LTD","CAPCOM CO., LTD","100,000 .. 200,000",19.99,100,Onimusha: Warlords,0.99,0.48,1.09,0.14,2.7,PS2
541450,Operation Abyss: New Tokyo Legacy,2017/3/27,0,"MAGES. Inc., 5pb., Experience Inc.","NIS America, Inc.","0 .. 20,000",19.99,100,Operation Abyss: New Tokyo Legacy,0.04,0.01,0.06,0.02,0.13,PSV
12830,Operation Flashpoint: Dragon Rising,2009/10/7,0,Codemasters,"Codemasters, Electronic Arts","500,000 .. 1,000,000",9.99,100,Operation Flashpoint: Dragon Rising,0.36,0.45,0.02,0.1,0.93,X360
44340,Operation Flashpoint: Red River,N,0,Codemasters Action Studio,Codemasters,"200,000 .. 500,000",0,100,Operation Flashpoint: Red River,0.06,0.15,0.07,0.05,0.33,PS3
3183850,Overlord,2024/9/9,0,Overlord,Overlord,"0 .. 20,000",34.99,100,Overlord,0.34,0.03,0.01,0.03,0.4,X360
12810,Overlord II,2009/6/23,0,Triumph Studios,"Codemasters, Electronic Arts","1,000,000 .. 2,000,000",9.99,100,Overlord II,0.15,0.14,0,0.03,0.32,X360
1023700,Palais de Reine,2020/6/17,0,KOGADO STUDIO,KOMODO,"0 .. 20,000",29.99,100,Palais de Reine,0,0,0.01,0,0.01,PS2
57620,Patrician IV,2010/9/17,0,Gaming Minds Studios,Kalypso Media Digital,"100,000 .. 200,000",14.99,100,Patrician IV,0.03,0,0,0,0.04,PC
2986410,Perfect Dark,N,0,N,N,"0 .. 20,000",,100,Perfect Dark,1.55,0.75,0.16,0.06,2.52,N64
787480,Phoenix Wright: Ace Attorney Trilogy,2019/4/9,0,"CAPCOM Co., Ltd.","CAPCOM Co., Ltd.","500,000 .. 1,000,000",29.99,100,Phoenix Wright: Ace Attorney Trilogy,0,0,0.02,0,0.02,3DS
291650,Pillars of Eternity,2015/3/26,0,Obsidian Entertainment,Xbox Game Studios,"1,000,000 .. 2,000,000",29.99,100,Pillars of Eternity,0,0.01,0,0,0.02,PC
745120,Pinball,2017/11/10,0,baKno Games,baKno Games,"0 .. 20,000",24.99,100,Pinball,0.8,0.19,0.83,0.03,1.85,NES
1385320,Pipe Mania,2020/8/11,0,Empire Interactive,Strategy First,"0 .. 20,000",3.99,100,Pipe Mania,0.07,0.05,0,0.02,0.14,PS2
307340,Platypus,2014/8/15,0,Anthony Flack,Claymatic Games,"50,000 .. 100,000",4.99,100,Platypus,0.02,0,0,0,0.02,PSP
1777790,Pool Party,2024/5/16,0,Lakeview Games,Mindscape,"0 .. 20,000",19.99,100,Pool Party,0.04,0,0,0,0.05,Wii
12470,Port Royale 2,2009/6/16,0,Ascaron Entertainment ltd.,Strategy First,"100,000 .. 200,000",1.19,100,Port Royale 2,0,0.03,0,0.01,0.04,PC
205610,Port Royale 3,2012/5/4,0,Gaming Minds Studios,Kalypso Media Digital,"200,000 .. 500,000",14.99,100,Port Royale 3,0.06,0,0,0.01,0.07,PS3
620,Portal 2,2011/4/18,0,Valve,Valve,"10,000,000 .. 20,000,000",9.99,100,Portal 2,1.41,0.51,0.01,0.17,2.1,X360
46550,Post Mortem,2011/8/26,0,MC2,Microids,"100,000 .. 200,000",7.99,100,Post Mortem,0,0.01,0,0,0.02,PC
277460,Praetorians,2014/4/11,0,Pyro Studios,Kalypso Media Digital,"100,000 .. 200,000",4.99,100,Praetorians,0,0.04,0,0,0.04,PC
480490,Prey,N,0,Arkane Studios,Bethesda Softworks,"2,000,000 .. 5,000,000",5.99,100,Prey,0.27,0.03,0,0.03,0.32,X360
233450,Prison Architect,N,0,"Introversion Software, Double Eleven",Paradox Interactive,"5,000,000 .. 10,000,000",29.99,100,Prison Architect,0.01,0.01,0,0,0.02,PS4
408760,Pro Cycling Manager 2016,2016/6/16,0,Cyanide Studio,Nacon,"50,000 .. 100,000",9.99,100,Pro Cycling Manager 2016,0,0.04,0,0.01,0.05,PS4
7010,Project: Snowblind,2007/3/29,0,Crystal Dynamics,Square Enix,"100,000 .. 200,000",0.89,100,Project: Snowblind,0.1,0.08,0,0.03,0.21,PS2
865820,Psychedelica of the Black Butterfly,2018/11/15,0,IDEA FACTORY,Intragames,"20,000 .. 50,000",29.99,100,Psychedelica of the Black Butterfly,0,0,0.02,0,0.02,PSV
3830,Psychonauts,2006/10/11,0,Double Fine Productions,Double Fine Productions,"2,000,000 .. 5,000,000",9.99,100,Psychonauts,0.09,0.03,0,0,0.12,XB
19020,Puzzle Chronicles,2010/6/25,0,Infinite Interactive,KONAMI,"0 .. 20,000",9.99,100,Puzzle Chronicles,0.07,0,0,0.01,0.08,PSP
23700,Puzzle Kingdoms,2009/4/27,0,Infinite Interactive,Strategy First,"50,000 .. 100,000",14.99,100,Puzzle Kingdoms,0.12,0,0,0.01,0.13,DS
47540,Puzzle Quest 2,2010/8/12,0,Infinite Interactive,"Black Chicken Studios, inc.","50,000 .. 100,000",0,100,Puzzle Quest 2,0.11,0,0,0.01,0.12,DS
23500,Puzzle Quest: Galactrix,2009/2/24,0,Infinite Interactive,"D3Publisher of America, Inc.","20,000 .. 50,000",9.99,100,Puzzle Quest: Galactrix,0.15,0,0,0.01,0.16,DS
33650,Puzzler World,2010/5/28,0,Ideas Pad,Puzzler,"50,000 .. 100,000",4.99,100,Puzzler World,0.41,0.3,0,0.07,0.78,DS
200130,Puzzler World 2,2011/10/24,0,Ideas Pad,Puzzler,"20,000 .. 50,000",4.99,100,Puzzler World 2,0.02,0.07,0,0.02,0.12,DS
2310,Quake,2007/8/3,0,"id Software, Nightdive Studios, MachineGames",Bethesda Softworks,"2,000,000 .. 5,000,000",9.99,100,Quake,0.15,0.04,0,0,0.19,N64
2210,Quake 4,2011/8/4,0,"RavenSoft, id Software",Bethesda Softworks,"200,000 .. 500,000",14.99,100,Quake 4,0.32,0.03,0,0.03,0.38,X360
2320,Quake II,2007/8/3,0,"id Software, Nightdive Studios, MachineGames",Bethesda Softworks,"1,000,000 .. 2,000,000",9.99,100,Quake II,0.23,0.16,0,0.03,0.41,PS
474960,Quantum Break,2016/9/29,0,Remedy Entertainment,Xbox Game Studios,"1,000,000 .. 2,000,000",39.99,100,Quantum Break,0.27,0.19,0.01,0.04,0.51,XOne
8780,RACE On,2009/10/16,0,,,,,100,RACE On,0,0.03,0,0.01,0.03,PC
39120,RIFT,2011/3/1,1,gamigo US Inc.,gamigo US Inc.,"2,000,000 .. 5,000,000",0,100,RIFT,0.44,0.16,0,0.07,0.67,PC
2450820,Radiant Silvergun,2023/11/2,0,"Live Wire, Treasure",Live Wire,"0 .. 20,000",7.79,100,Radiant Silvergun,0,0,0.03,0,0.03,SAT
7610,Railroad Tycoon 3,2007/5/4,0,PopTop,2K,"200,000 .. 500,000",9.99,100,Railroad Tycoon 3,0,0.03,0,0.01,0.04,PC
287310,Re-Volt,2022/7/29,0,Acclaim Studios Teesside,"H2 Interactive Co., Ltd.","100,000 .. 200,000",5.99,100,Re-Volt,0.11,0.07,0,0.01,0.19,PS
2668510,Red Dead Redemption,N,0,"Rockstar Games, Double Eleven",Rockstar Games,"0 .. 20,000",49.99,100,Red Dead Redemption,2.79,2.61,0.17,1.03,6.6,PS3
20530,Red Faction,2009/8/5,0,Volition,Deep Silver,"500,000 .. 1,000,000",1.99,100,Red Faction,0.76,0.96,0,0.2,1.92,PS2
20550,Red Faction II,2009/8/6,0,Volition,Deep Silver,"200,000 .. 500,000",1.99,100,Red Faction II,0.49,0.78,0,0.23,1.5,PS2
228300,Remember Me,2013/6/6,0,DONTNOD Entertainment,Capcom,"500,000 .. 1,000,000",29.99,100,Remember Me,0.1,0.18,0,0.07,0.35,PS3
317100,Republique,2015/2/25,1,Camouflaj,Camouflaj,"100,000 .. 200,000",0,100,Republique,0,0.01,0.01,0,0.01,PS4
304240,Resident Evil,2015/1/19,0,"CAPCOM Co., Ltd.","CAPCOM Co., Ltd.","1,000,000 .. 2,000,000",19.99,100,Resident Evil,2.05,1.16,1.11,0.73,5.05,PS
883710,Resident Evil 2,2019/1/24,0,"CAPCOM Co., Ltd.","CAPCOM Co., Ltd.","5,000,000 .. 10,000,000",39.99,100,Resident Evil 2,1.88,1.47,2.02,0.45,5.82,PS
2050650,Resident Evil 4,N,0,"CAPCOM Co., Ltd.","CAPCOM Co., Ltd.","5,000,000 .. 10,000,000",39.99,100,Resident Evil 4,2.08,0.83,0.46,0.25,3.62,PS2
21690,Resident Evil 5,2009/9/15,0,Capcom,Capcom,"1,000,000 .. 2,000,000",19.99,100,Resident Evil 5,1.96,1.43,1.08,0.65,5.11,PS3
1866430,Rhapsody: A Musical Adventure,2022/8/30,0,"Nippon Ichi Software, Inc., Engine Software BV","NIS America, Inc.","0 .. 20,000",19.99,100,Rhapsody: A Musical Adventure,0.05,0,0,0,0.06,DS
40300,Risen,2009/10/2,0,"Piranha Bytes, THQ Nordic",THQ Nordic,"500,000 .. 1,000,000",14.99,100,Risen,0.07,0.11,0,0.01,0.19,X360
40390,Risen 2: Dark Waters,2012/4/26,0,Piranha Bytes,THQ Nordic,"500,000 .. 1,000,000",9.99,100,Risen 2: Dark Waters,0.04,0.14,0.01,0.05,0.24,PS3
2578650,Rising Dead,2023/10/7,0,Frozen Dungeon,Frozen Dungeon,"0 .. 20,000",0.99,100,Dead Rising,1.16,0.65,0.08,0.2,2.09,X360
2891280,Riviera: The Promised Land,2024/7/16,0,Sting,Sting,"0 .. 20,000",34.99,100,Riviera: The Promised Land,0.07,0.03,0,0,0.1,GBA
1998390,Road Trip,2022/5/26,0,Max Pedro,Louie Inc,"0 .. 20,000",10.99,100,Road Trip,0.04,0.03,0,0.01,0.09,PS2
1817510,Robotica,N,0,N,N,"0 .. 20,000",,100,Robotica,0,0,0.06,0,0.06,SAT
7020,Rogue Trooper,2007/3/29,0,Rebellion,Rebellion,"50,000 .. 100,000",9.99,100,Rogue Trooper,0.02,0.02,0,0.01,0.04,PS2
22310,Rogue Warrior,2009/12/1,0,Rebellion,Bethesda Softworks,"100,000 .. 200,000",4.99,100,Rogue Warrior,0.11,0.02,0,0.01,0.14,PS3
521690,Romance of the Three Kingdoms II,2017/1/24,0,"KOEI TECMO GAMES CO., LTD.","KOEI TECMO GAMES CO., LTD.","50,000 .. 100,000",12.99,100,Romance of the Three Kingdoms II,0,0,0.25,0,0.25,SNES
304500,Rooms: The Main Building,2014/7/11,0,HandMade Game,Zero Rock Entertainment,"20,000 .. 50,000",9.99,100,Rooms: The Main Building,0.1,0.41,0.01,0.06,0.58,DS
367550,Rugby League Team Manager 2015,2015/6/19,0,Alternative Software Ltd,Alternative Software Ltd,"0 .. 20,000",19.99,100,Rugby League Team Manager 2015,0,0.02,0,0,0.02,PC
58560,Runaway: A Twist of Fate,2011/4/21,0,Pendulo Studios,Focus Entertainment,"100,000 .. 200,000",0.74,100,Runaway: A Twist of Fate,0,0.04,0,0.01,0.04,PC
302510,Ryse: Son of Rome,2014/10/10,0,Crytek,Crytek,"1,000,000 .. 2,000,000",3.49,100,Ryse: Son of Rome,0.82,0.42,0,0.11,1.36,XOne
41700,S.T.A.L.K.E.R.: Call of Pripyat,2010/2/11,0,GSC Game World,GSC Game World,"2,000,000 .. 5,000,000",19.99,100,S.T.A.L.K.E.R.: Call of Pripyat,0,0.05,0,0.01,0.06,PC
20510,S.T.A.L.K.E.R.: Clear Sky,2008/9/15,0,GSC Game World,GSC World Publishing,"1,000,000 .. 2,000,000",9.99,100,S.T.A.L.K.E.R.: Clear Sky,0,0.03,0,0.01,0.04,PC
4500,S.T.A.L.K.E.R.: Shadow of Chernobyl,2007/3/20,0,GSC Game World,GSC Game World,"1,000,000 .. 2,000,000",19.99,100,S.T.A.L.K.E.R.: Shadow of Chernobyl,0.01,0.04,0,0.01,0.06,PC
344440,Sacra Terra: Angelic Night,2015/7/2,0,Alawar Casual,Alawar Casual,"50,000 .. 100,000",1.49,100,Sacra Terra: Angelic Night,0.01,0.02,0,0.01,0.03,PC
247950,Sacred 3,2014/7/31,0,Keen Games,THQ Nordic,"500,000 .. 1,000,000",14.99,100,Sacred 3,0.03,0.05,0.02,0.02,0.12,PS3
12320,Sacred Gold,2008/7/9,0,Studio II,THQ Nordic,"200,000 .. 500,000",9.99,100,Sacred Gold,0,0.02,0,0,0.02,PC
742420,Saints Row,2023/8/24,0,Volition,Deep Silver,"200,000 .. 500,000",29.99,100,Saints Row,1.17,0.78,0.02,0.22,2.19,X360
9480,Saints Row 2,2009/1/7,0,Volition,Deep Silver,"2,000,000 .. 5,000,000",9.99,100,Saints Row 2,1.94,0.8,0.02,0.27,3.03,X360
301910,Saints Row: Gat out of Hell,2015/1/22,0,"Deep Silver Volition, High Voltage Software",Deep Silver,"500,000 .. 1,000,000",14.99,100,Saints Row: Gat out of Hell,0,0.04,0,0.01,0.05,PS4
55230,Saints Row: The Third,2011/11/14,0,Volition,Deep Silver,"2,000,000 .. 5,000,000",9.99,100,Saints Row: The Third,1.25,1.15,0.07,0.3,2.77,X360
1747050,Sam & Max: Beyond Time and Space,2021/12/8,0,Skunkape Games,Skunkape Games,"0 .. 20,000",19.99,100,Sam & Max: Beyond Time and Space,0.05,0,0,0,0.05,Wii
16020,Samantha Swift and the Hidden Roses of Athena,2008/10/31,0,MumboJumbo,Accelerate Games,"20,000 .. 50,000",9.99,100,Samantha Swift and the Hidden Roses of Athena,0.04,0.01,0,0,0.05,DS
3117600,Scaler,2024/8/15,0,Petr Teslya,Petr Teslya,"0 .. 20,000",2.99,100,Scaler,0.05,0.04,0,0.01,0.09,PS2
249870,Scribblenauts Unmasked: A DC Comics Adventure,2013/9/24,0,5th Cell Media,Warner Bros. Interactive Entertainment,"200,000 .. 500,000",19.99,100,Scribblenauts Unmasked: A DC Comics Adventure,0.1,0,0,0.01,0.11,WiiU
11550,Second Sight,2021/4/8,0,Free Radical Design,THQ Nordic,"0 .. 20,000",9.99,100,Second Sight,0.07,0.05,0,0.02,0.14,PS2
40340,Secret Files 2: Puritas Cordis,2009/10/29,0,Animation Arts,Ravenscourt,"50,000 .. 100,000",0.99,100,Secret Files 2: Puritas Cordis,0,0.03,0,0.01,0.04,PC
40330,Secret Files: Tunguska,2009/10/29,0,Animation Arts,Ravenscourt,"100,000 .. 200,000",0.99,100,Secret Files: Tunguska,0.05,0.02,0,0.01,0.07,Wii
637670,Secret of Mana,N,0,Square Enix,Square Enix,"100,000 .. 200,000",39.99,100,Secret of Mana,0.25,0.07,1.49,0.02,1.83,SNES
73210,Sengoku,2011/9/15,0,Paradox Development Studio,Paradox Interactive,"100,000 .. 200,000",9.99,100,Sengoku,0,0.01,0,0,0.02,PC
41070,Serious Sam 3: BFE,2011/11/22,0,Croteam,Devolver Digital,"2,000,000 .. 5,000,000",29.99,100,Serious Sam 3: BFE,0.01,0.05,0,0.01,0.08,PC
1257940,Shadow Madness,2022/2/15,0,Crave,"Piko Interactive LLC, Bleem!","0 .. 20,000",5.24,100,Shadow Madness,0.1,0.07,0,0.01,0.18,PS
286770,Shadow Ops: Red Mercury,2014/7/2,0,Zombie Studios,Atari,"50,000 .. 100,000",1.74,100,Shadow Ops: Red Mercury,0.11,0.03,0,0.01,0.15,XB
345820,Shantae and the Pirate's Curse,2015/4/23,0,WayForward,WayForward,"200,000 .. 500,000",19.99,100,Shantae and the Pirate's Curse,0,0,0.03,0,0.03,3DS
3960,Shattered Union,2006/10/25,0,PopTop,2K,"20,000 .. 50,000",4.99,100,Shattered Union,0.03,0.01,0,0,0.04,XB
2162720,Shepherd's Crossing,2023/4/26,0,SUCCESS,SUCCESS,"0 .. 20,000",29.99,100,Shepherd's Crossing,0,0,0.01,0,0.01,PSP
11130,Sherlock Holmes: The Mystery of the Mummy,2009/8/6,1,Frogwares,Frogwares,"100,000 .. 200,000",0,100,Sherlock Holmes: The Mystery of the Mummy,0.06,0.3,0,0.04,0.4,DS
1636970,Shining Blade,2022/1/5,0,hellorabbitstudio,hellorabbitstudio,"0 .. 20,000",9.99,100,Shining Blade,0,0,0.2,0,0.2,PSP
71160,Shining Force II,2011/1/26,0,SEGA,SEGA,"20,000 .. 50,000",0.99,100,Shining Force II,0,0,0.19,0,0.19,GEN
48800,Ship Simulator Extremes,2010/8/27,0,VStep,Paradox Interactive,"200,000 .. 500,000",4.99,100,Ship Simulator Extremes,0,0.04,0,0.01,0.05,PC
3920,Sid Meier's Pirates!,2005/7/11,0,Firaxis Games,2K,"200,000 .. 500,000",9.99,100,Sid Meier's Pirates!,0.16,0.01,0,0.02,0.2,PSP
7600,Sid Meier's Railroads!,2007/5/4,0,"Firaxis Games, Feral Interactive (Mac)","2K, Feral Interactive (Mac)","500,000 .. 1,000,000",9.99,100,Sid Meier's Railroads!,0.01,0.03,0,0.01,0.04,PC
1429890,Singularity,2020/12/21,1,"Jingjing Shen, Cody Wren, David Tree",Screen South,"0 .. 20,000",0,100,Singularity,0.24,0.05,0,0.02,0.32,X360
202170,Sleeping Dogs,N,0,United Front Games,Square Enix,"2,000,000 .. 5,000,000",0,100,Sleeping Dogs,0.31,0.5,0.05,0.19,1.06,PS3
111300,Smash Cars,2011/10/18,0,Creat Studios Inc,Pom Pom Games,"0 .. 20,000",9.99,100,Smash Cars,0.06,0.04,0,0.01,0.11,PS2
3700,Sniper Elite,2009/7/16,0,Rebellion,Rebellion,"500,000 .. 1,000,000",7.99,100,Sniper Elite,0.1,0.07,0,0.02,0.19,PS2
238090,Sniper Elite 3,2014/6/27,0,Rebellion,Rebellion,"2,000,000 .. 5,000,000",29.99,100,Sniper Elite 3,0.22,0.33,0,0.13,0.68,PS4
63380,Sniper Elite V2,N,0,Rebellion,Rebellion,"2,000,000 .. 5,000,000",0,100,Sniper Elite V2,0.38,0.39,0.06,0.15,0.98,PS3
34830,Sniper: Ghost Warrior,2010/6/24,0,City Interactive,CI Games,"1,000,000 .. 2,000,000",7.99,100,Sniper: Ghost Warrior,0.54,0.51,0,0.12,1.16,X360
34870,Sniper: Ghost Warrior 2,2013/3/11,0,City Interactive,CI Games,"1,000,000 .. 2,000,000",9.99,100,Sniper: Ghost Warrior 2,0.05,0.19,0.03,0.07,0.35,PS3
964040,Snood,2018/12/25,1,"Snood, LLC","Snood, LLC","50,000 .. 100,000",0,100,Snood,0.09,0.03,0,0,0.13,GBA
1659170,Snowboarding,2021/6/21,0,INFINITE BRIDGE,INFINITE BRIDGE,"0 .. 20,000",1.99,100,Snowboarding,0.16,0.11,0,0.02,0.29,PS
1623930,Solaris,2021/7/5,1,N,N,"0 .. 20,000",,100,Solaris,0.35,0.02,0,0,0.37,2600
460700,Song of the Deep,2016/7/11,0,Insomniac Games,GameTrust Games,"50,000 .. 100,000",14.99,100,Song of the Deep,0.05,0,0,0.01,0.06,PS4
213610,Sonic Adventure 2,2012/11/19,0,SEGA,SEGA,"500,000 .. 1,000,000",9.99,100,Sonic Adventure 2,0,0,0.12,0,0.12,DC
329440,Sonic Lost World,2015/11/2,0,Sonic Team,SEGA,"200,000 .. 500,000",29.99,100,Sonic Lost World,0.24,0.15,0.07,0.03,0.49,3DS
1535610,Soul Nomad & the World Eaters,2021/8/31,0,"Nippon Ichi Software, Inc., Codeglue","NIS America, Inc.","20,000 .. 50,000",19.99,100,Soul Nomad & the World Eaters,0.14,0.11,0,0.04,0.28,PS2
242570,Space Hulk,2013/8/15,0,Full Control Studios,Full Control,"200,000 .. 500,000",0,100,Space Hulk,0,0.01,0,0,0.01,PSV
744050,Space Invaders Extreme,2018/2/12,0,TAITO CORP.,"KOMODO, TAITO CORP.","20,000 .. 50,000",19.99,100,Space Invaders Extreme,0.12,0.01,0.01,0.01,0.15,DS
1577630,Speed,2021/4/2,0,Merino33_Games,Merino33_Games,"0 .. 20,000",2.99,100,Speed,0.04,0.02,0,0.01,0.07,Wii
606710,Sphinx and the Cursed Mummy,2017/11/10,0,"Eurocom, THQ Nordic",THQ Nordic,"20,000 .. 50,000",14.99,100,Sphinx and the Cursed Mummy,0.22,0.17,0,0.06,0.45,PS2
297860,Split/Second,2014/10/6,0,Black Rock Studio,Disney,"200,000 .. 500,000",19.99,100,Split/Second,0.31,0.31,0.01,0.12,0.75,PS3
1650300,Star Fighter,2021/10/1,0,Boom Games,Boom Games,"0 .. 20,000",0.99,100,Star Fighter,0.04,0.02,0,0,0.06,PS
9900,Star Trek Online,2012/1/31,1,Cryptic Studios,Arc Games,"2,000,000 .. 5,000,000",0,100,Star Trek Online,0,0.02,0,0,0.02,PC
1437040,Starshot: Space Circus Fever,2020/11/12,0,Infogrames Europe SA,Pixel Games UK,"0 .. 20,000",9.99,100,Starshot: Space Circus Fever,0.02,0.01,0,0,0.03,N64
241540,State of Decay,2013/11/5,0,Undead Labs,Xbox Game Studios,"500,000 .. 1,000,000",0,100,State of Decay,0.14,0.05,0,0.02,0.2,XOne
281990,Stellaris,2016/5/9,0,Paradox Development Studio,Paradox Interactive,"2,000,000 .. 5,000,000",39.99,100,Stellaris,0,0.03,0,0,0.03,PC
46480,Still Life,2011/6/1,0,Microids,Microids,"200,000 .. 500,000",7.99,100,Still Life,0.05,0.02,0,0,0.07,XB
46490,Still Life 2,2011/6/1,0,Microids,Microids,"100,000 .. 200,000",7.99,100,Still Life 2,0,0.01,0,0,0.02,PC
409890,Stranger of Sword City,2016/6/6,0,Experience Inc.,"NIS America, Inc.","20,000 .. 50,000",19.99,100,Stranger of Sword City,0.02,0.02,0,0.01,0.05,PSV
310950,Street Fighter V,2016/2/15,0,"CAPCOM Co., Ltd.","CAPCOM Co., Ltd.","2,000,000 .. 5,000,000",19.99,100,Street Fighter V,0.35,0.26,0.08,0.13,0.82,PS4
209120,Street Fighter X Tekken,2012/5/11,0,"Capcom U.S.A., Inc.","Capcom U.S.A., Inc.","100,000 .. 200,000",12.99,100,Street Fighter X Tekken,0.42,0.22,0.1,0.1,0.84,PS3
1672340,Street Racer,2021/8/2,0,Vivid Image,"Piko Interactive LLC, Bleem!","0 .. 20,000",3.84,100,Street Racer,0.09,0.06,0,0.01,0.16,PS
71164,Streets of Rage,2011/1/26,0,SEGA,SEGA,"0 .. 20,000",0.99,100,Streets of Rage,1.86,0.55,0.11,0.08,2.6,GEN
211206,Streets of Rage 3,2012/5/2,0,N,SEGA,"0 .. 20,000",0.99,100,Streets of Rage 3,0,0,0.07,0,0.07,GEN
47410,Stronghold Kingdoms,2012/2/27,1,FireFly Studios,FireFly Studios,"1,000,000 .. 2,000,000",0,100,Stronghold Kingdoms,0,0.1,0,0.02,0.11,PC
7800,Stubbs the Zombie in Rebel Without a Pulse,2021/3/16,0,Aspyr,Aspyr,"200,000 .. 500,000",19.99,100,Stubbs the Zombie in Rebel Without a Pulse,0.08,0.02,0,0,0.11,XB
233350,Sudeki,2014/2/24,0,Climax Studios,Climax Group,"100,000 .. 200,000",5.99,100,Sudeki,0.14,0.04,0,0.01,0.19,XB
27200,Summer Athletics,2009/4/2,0,49 Games,Capcom,"0 .. 20,000",19.99,100,Summer Athletics,0,0.01,0,0,0.01,PC
275570,Summoner,2014/3/12,0,Volition,THQ Nordic,"100,000 .. 200,000",4.99,100,Summoner,0.25,0.2,0,0.07,0.51,PS2
847370,Sunset Overdrive,2018/11/16,0,"Insomniac Games, Blind Squirrel Games",Xbox Game Studios,"500,000 .. 1,000,000",19.99,100,Sunset Overdrive,0.62,0.4,0,0.08,1.11,XOne
9350,Supreme Commander,2011/9/28,0,Gas Powered Games,Square Enix,"1,000,000 .. 2,000,000",2.59,100,Supreme Commander,0.07,0.01,0,0.01,0.09,X360
40100,Supreme Commander 2,2010/3/1,0,Gas Powered Games,Square Enix,"1,000,000 .. 2,000,000",3.24,100,Supreme Commander 2,0.23,0.1,0,0.03,0.35,X360
9420,Supreme Commander: Forged Alliance,2011/9/28,0,Gas Powered Games,Square Enix,"1,000,000 .. 2,000,000",2.59,100,Supreme Commander: Forged Alliance,0.01,0.02,0,0.01,0.04,PC
1031700,Survivor,2019/4/22,1,Reija Meriläinen,Reija Meriläinen,"20,000 .. 50,000",0,100,Survivor,0.01,0,0,0,0.01,Wii
840720,Sword Art Online: Lost Song,2018/11/12,0,Artdink,BANDAI NAMCO Entertainment,"100,000 .. 200,000",19.99,100,Sword Art Online: Lost Song,0.08,0.1,0.23,0.05,0.46,PSV
327950,Sword of the Samurai,2014/10/17,0,"MicroProse Software, Inc","Atari, Nightdive Studios","0 .. 20,000",1.74,100,Sword of the Samurai,0,0,0.17,0,0.17,PS2
46500,Syberia,2011/5/19,0,Microids,Microids,"500,000 .. 1,000,000",12.99,100,Syberia,0.1,0.02,0,0.01,0.14,DS
46510,Syberia II,2011/5/19,0,Microids,Microids,"500,000 .. 1,000,000",12.99,100,Syberia II,0.02,0.01,0,0,0.03,XB
65730,Take On Helicopters,2011/10/27,0,Bohemia Interactive,Bohemia Interactive,"200,000 .. 500,000",19.99,100,Take On Helicopters,0,0.02,0,0.01,0.03,PC
372360,Tales of Symphonia,N,0,BANDAI NAMCO Entertainment Inc.,BANDAI NAMCO Entertainment,"500,000 .. 1,000,000",19.99,100,Tales of Symphonia,0.54,0.21,0.31,0.04,1.1,GC
351970,Tales of Zestiria,2015/10/19,0,BANDAI NAMCO Studio Inc.,BANDAI NAMCO Entertainment,"500,000 .. 1,000,000",49.99,100,Tales of Zestiria,0.05,0.09,0.42,0.03,0.59,PS3
105600,Terraria,N,0,Re-Logic,Re-Logic,"20,000,000 .. 50,000,000",9.99,100,Terraria,0.35,0.31,0,0.06,0.72,X360
249590,Teslagrad,2013/12/13,0,Rain Games,Rain Games,"200,000 .. 500,000",9.99,100,Teslagrad,0,0.01,0,0,0.01,PSV
255920,The 7th Guest,2013/10/18,0,Trilobyte Games,Nightdive Studios,"50,000 .. 100,000",0,100,The 7th Guest,0.01,0.77,0,0,0.78,PC
113200,The Binding of Isaac,2011/9/28,0,"Edmund McMillen, Florian Himsl",Edmund McMillen,"2,000,000 .. 5,000,000",4.99,100,The Binding of Isaac,0,0.03,0,0,0.03,PC
215160,The Book of Unwritten Tales,2012/7/31,0,KING Art,THQ Nordic,"200,000 .. 500,000",19.99,100,The Book of Unwritten Tales,0,0.08,0,0.02,0.11,PC
279940,The Book of Unwritten Tales 2,2015/2/19,0,KING Art,THQ Nordic,"50,000 .. 100,000",29.99,100,The Book of Unwritten Tales 2,0,0.06,0,0.01,0.07,PS4
221830,The Book of Unwritten Tales: The Critter Chronicles,2012/12/5,0,KING Art,THQ Nordic,"100,000 .. 200,000",19.99,100,The Book of Unwritten Tales: The Critter Chronicles,0,0.05,0,0.01,0.06,PC
65930,The Bureau: XCOM Declassified,2013/8/22,0,2K Marin,2K,"2,000,000 .. 5,000,000",19.99,100,The Bureau: XCOM Declassified,0.08,0.16,0,0.05,0.29,PS3
1105300,The Cube,2019/7/9,0,Mismatch Studio,Mismatch Studio,"0 .. 20,000",1.99,100,The Cube,0,0.04,0,0,0.04,Wii
67370,The Darkness II,N,0,Digital Extremes,2K,"2,000,000 .. 5,000,000",2.99,100,The Darkness II,0.24,0.12,0,0.03,0.39,X360
72850,The Elder Scrolls V: Skyrim,2011/11/10,0,Bethesda Game Studios,Bethesda Softworks,"5,000,000 .. 10,000,000",19.99,100,The Elder Scrolls V: Skyrim,5.03,2.86,0.1,0.85,8.84,X360
268050,The Evil Within,2014/10/13,0,Tango Gameworks,Bethesda Softworks,"1,000,000 .. 2,000,000",19.99,100,The Evil Within,0.55,0.84,0.11,0.31,1.81,PS4
269730,The Golf Club,2014/8/19,0,HB Studios,HB Studios,"100,000 .. 200,000",29.99,100,The Golf Club,0.05,0.02,0,0.01,0.08,PS4
434800,The Great Escape,2016/1/11,0,XiNFiNiTY Games,OtakuMaker SARL,"0 .. 20,000",2.99,100,The Great Escape,0.1,0.07,0,0.02,0.2,PS2
251430,The Inner World,2013/9/27,0,Studio Fizbin,Headup,"100,000 .. 200,000",1.19,100,The Inner World,0,0.03,0,0,0.03,PC
538680,The Legend of Heroes: Trails of Cold Steel,2017/8/2,0,Nihon Falcom,"XSEED Games, Marvelous USA, Inc.","200,000 .. 500,000",39.99,100,The Legend of Heroes: Trails of Cold Steel,0.08,0.05,0.14,0.04,0.31,PSV
748490,The Legend of Heroes: Trails of Cold Steel II,2018/2/14,0,Nihon Falcom,"XSEED Games, Marvelous USA, Inc.","50,000 .. 100,000",39.99,100,The Legend of Heroes: Trails of Cold Steel II,0.02,0,0.13,0.01,0.15,PSV
6310,The Longest Journey,2007/5/1,0,Funcom,Funcom,"200,000 .. 500,000",2.99,100,The Longest Journey,0,0.01,0,0,0.02,PC
58570,The Next BIG Thing,2011/4/21,0,Pendulo Studios,Focus Entertainment,"100,000 .. 200,000",0.74,100,The Next BIG Thing,0,0.05,0,0.01,0.06,PC
230820,The Night of the Rabbit,2013/5/28,0,Daedalic Entertainment,Daedalic Entertainment,"200,000 .. 500,000",1.99,100,The Night of the Rabbit,0,0.03,0,0,0.04,PC
2013360,The Oregon Trail,2022/11/14,0,Gameloft,Gameloft,"50,000 .. 100,000",29.99,100,The Oregon Trail,0.15,0,0,0.01,0.15,Wii
211207,The Revenge of Shinobi,2012/5/2,0,N,SEGA,"20,000 .. 50,000",0.99,100,The Revenge of Shinobi,0.07,0.02,0,0,0.09,GBA
2253580,The Space Bar,2023/3/30,0,"Boffo Intergalactic Games, Jordan Freeman Group, Rocket Science Games, SegaSoft","Boffo Intergalactic Games, ZOOM Platform Media","100,000 .. 200,000",9.99,100,The Space Bar,0,0,0.08,0,0.08,SAT
257510,The Talos Principle,2014/12/11,0,Croteam,"Devolver Digital, Croteam","1,000,000 .. 2,000,000",2.99,100,The Talos Principle,0,0.02,0,0,0.02,PS4
338390,The Technomancer,2016/6/28,0,Spiders,Focus Entertainment,"100,000 .. 200,000",1.49,100,The Technomancer,0.01,0.03,0,0.01,0.05,PS4
205650,The Testament of Sherlock Holmes,2012/9/20,0,Frogwares,Frogwares,"500,000 .. 1,000,000",19.99,100,The Testament of Sherlock Holmes,0.05,0.15,0,0.06,0.26,PS3
37000,The Void,2009/12/15,0,Ice-Pick Lodge,Ice-Pick Lodge,"50,000 .. 100,000",9.99,100,The Void,0,0.03,0,0.01,0.03,PC
261030,The Walking Dead: Season Two,2013/12/17,0,Telltale Games,Skybound Games,"1,000,000 .. 2,000,000",14.99,100,The Walking Dead: Season Two,0.1,0.09,0.01,0.04,0.24,PS4
292030,The Witcher 3: Wild Hunt,N,0,CD PROJEKT RED,CD PROJEKT RED,"10,000,000 .. 20,000,000",39.99,100,The Witcher 3: Wild Hunt,0.96,2,0.21,0.56,3.73,PS4
250320,The Wolf Among Us,2013/10/11,0,Telltale,Telltale,"1,000,000 .. 2,000,000",14.99,100,The Wolf Among Us,0.1,0.07,0,0.03,0.21,PS4
6980,Thief: Deadly Shadows,N,0,Ion Storm,Eidos Interactive Corp.,"500,000 .. 1,000,000",8.99,100,Thief: Deadly Shadows,0.13,0.04,0,0.01,0.17,XB
282070,This War of Mine,2014/11/14,0,11 bit studios,11 bit studios,"2,000,000 .. 5,000,000",3.99,100,This War of Mine,0,0.01,0,0,0.02,PS4
1758910,Time Commando,2021/10/9,0,[2.21],[2.21],"200,000 .. 500,000",5.99,100,Time Commando,0.1,0.07,0,0.01,0.17,PS
1821430,Tiny Tank,2021/12/3,1,Disco Entertainment,Disco Entertainment,"0 .. 20,000",0,100,Tiny Tank,0.19,0.13,0,0.02,0.34,PS
587260,Tokyo Xanadu eX+,2017/12/8,0,Nihon Falcom,Aksys Games,"50,000 .. 100,000",59.99,100,Tokyo Xanadu eX+,0,0,0.02,0,0.02,PS4
2634950,Tokyo Xtreme Racer,N,0,N,N,"0 .. 20,000",,100,Tokyo Xtreme Racer,0,0,0.17,0,0.17,DC
203160,Tomb Raider,2013/3/4,0,"Crystal Dynamics, Eidos-Montréal, Feral Interactive (Mac), Nixxes","Crystal Dynamics, Feral Interactive (Mac)","5,000,000 .. 10,000,000",2.24,100,Tomb Raider,2.29,1.97,0.13,0.24,4.63,PS
8000,Tomb Raider: Anniversary,2007/6/5,0,Crystal Dynamics,Crystal Dynamics,"500,000 .. 1,000,000",0.98,100,Tomb Raider: Anniversary,0.12,0.63,0,0.11,0.86,Wii
7000,Tomb Raider: Legend,2007/3/29,0,Crystal Dynamics,Crystal Dynamics,"500,000 .. 1,000,000",0.97,100,Tomb Raider: Legend,0.25,0.19,0.02,0.06,0.52,PS2
8140,Tomb Raider: Underworld,2008/11/21,0,Crystal Dynamics,Crystal Dynamics,"500,000 .. 1,000,000",0.98,100,Tomb Raider: Underworld,0.45,0.56,0.05,0.22,1.27,PS3
41500,Torchlight,2009/10/27,0,Runic Games,Arc Games,"1,000,000 .. 2,000,000",2.99,100,Torchlight,0,0.06,0,0.02,0.07,PC
2557370,Tornado,2023/9/17,0,Digital Integration,Interplay Entertainment Corp.,"0 .. 20,000",9.99,100,Tornado,0.07,0,0,0,0.07,DS
364360,Total War: WARHAMMER,2016/5/24,0,"CREATIVE ASSEMBLY, Feral Interactive (Linux), Feral Interactive (Mac)","SEGA, Feral Interactive (Linux), Feral Interactive (Mac)","1,000,000 .. 2,000,000",59.99,100,Total War: WARHAMMER,0,0.1,0,0.01,0.1,PC
551730,Toukiden 2,2017/3/21,0,"KOEI TECMO GAMES CO., LTD.","KOEI TECMO GAMES CO., LTD.","50,000 .. 100,000",59.99,100,Toukiden 2,0,0,0.11,0,0.11,PSV
46540,Trapped Dead,2011/7/15,0,Crenetic,Crenetic,"100,000 .. 200,000",0.69,100,Trapped Dead,0,0.02,0,0,0.02,PC
23490,Tropico 3,2009/11/13,0,Haemimont Games,Kalypso Media Digital,"1,000,000 .. 2,000,000",9.99,100,Tropico 3,0.15,0.02,0.03,0.02,0.22,X360
57690,Tropico 4,2011/9/1,0,Haemimont Games,Kalypso Media Digital,"2,000,000 .. 5,000,000",14.99,100,Tropico 4,0.2,0.13,0,0.03,0.36,X360
245620,Tropico 5,2014/5/23,0,Haemimont Games,Kalypso Media Digital,"1,000,000 .. 2,000,000",19.99,100,Tropico 5,0.05,0.16,0.05,0.04,0.3,PS4
33520,Tropico Reloaded,2009/7/24,0,"PopTop Software, BreakAway Games, Frog City Software",Kalypso Media Digital,"200,000 .. 500,000",6.99,100,Tropico Reloaded,0,0.02,0,0,0.02,PC
256070,Truck Racer,2013/10/18,0,Kylotonn Entertainment,"Plug In Digital, Nacon","20,000 .. 50,000",0.99,100,Truck Racer,0,0.01,0,0,0.02,Wii
814600,Tunnel B1,2018/4/13,0,"NEON, Piko Interactive",Throwback Entertainment,"0 .. 20,000",6.99,100,Tunnel B1,0.05,0.03,0,0.01,0.09,PS
405820,Turok,2015/12/17,0,"Iguana Entertainment, Nightdive Studios",Nightdive Studios,"100,000 .. 200,000",19.99,100,Turok,0.46,0.21,0.01,0.07,0.75,X360
405830,Turok 2: Seeds of Evil,2017/3/16,0,"Iguana Entertainment, Nightdive Studios",Nightdive Studios,"100,000 .. 200,000",19.99,100,Turok 2: Seeds of Evil,1.37,0.41,0.04,0.04,1.86,N64
9730,Tycoon City: New York,2008/3/12,0,Deep Red Games Ltd.,Atari,"20,000 .. 50,000",3.49,100,Tycoon City: New York,0,0.02,0,0,0.02,PC
243060,Urban Chaos,2013/10/15,0,"Mucky Foot Productions Ltd, My Little Planet Ltd",My Little Planet Ltd,"20,000 .. 50,000",6.99,100,Urban Chaos,0.06,0.04,0,0.01,0.1,PS
774501,VR Soccer '96,2018/1/19,0,Gremlin Interactive Ltd.,Interplay,"20,000 .. 50,000",9.99,100,VR Soccer '96,0.03,0.02,0,0,0.05,PS
460810,Vanquish,2017/5/25,0,"PlatinumGames, Little Stone Software",SEGA,"500,000 .. 1,000,000",19.99,100,Vanquish,0.21,0.22,0.11,0.09,0.62,PS3
389330,Vegas Party,2018/1/8,0,"Raylight srl, Visual Impact",Funbox Media Ltd,"0 .. 20,000",4.99,100,Vegas Party,0.15,0,0,0.01,0.16,Wii
16720,Velvet Assassin,2009/5/1,0,Replay Studios,Missing Link Games,"200,000 .. 500,000",5.99,100,Velvet Assassin,0.14,0.02,0.01,0.01,0.18,X360
211160,Viking: Battle for Asgard,2012/10/17,0,"Creative Assembly, PC Port - Hardlight",SEGA,"500,000 .. 1,000,000",14.99,100,Viking: Battle for Asgard,0.16,0.24,0,0.05,0.45,X360
16100,Virtual Villagers: A New Home,2008/5/12,0,Last Day of Work,N,"0 .. 20,000",9.99,100,Virtual Villagers: A New Home,0.04,0.01,0,0,0.05,DS
861020,Virus,2018/6/8,0,Patrick Montiel,Patrick Montiel,"0 .. 20,000",0.99,100,Virus,0,0,0.08,0,0.08,SAT
385730,WWE 2K16,2016/3/10,0,"Visual Concepts, Yuke's Co., LTD",2K,"200,000 .. 500,000",0,100,WWE 2K16,0.41,0.6,0,0.19,1.2,PS4
230190,War for the Overworld,2015/4/2,0,Brightrock Games,Brightrock Games,"500,000 .. 1,000,000",29.99,100,War for the Overworld,0,0.01,0,0,0.01,PC
1241950,Warzone 2100,2020/2/18,1,"Pumpkin Studios, Underdone Gaming, Warzone 2100 Project",Underdone Gaming,"200,000 .. 500,000",0,100,Warzone 2100,2.79,1.89,0,0.33,5.01,PS
427510,Way of the Samurai 3,2016/3/23,0,ACQUIRE Corp.,"Spike Chunsoft Co., Ltd.","100,000 .. 200,000",19.99,100,Way of the Samurai 3,0.18,0.08,0.22,0.04,0.52,PS3
312780,Way of the Samurai 4,N,0,ACQUIRE Corp.,"Spike Chunsoft Co., Ltd.","200,000 .. 500,000",24.99,100,Way of the Samurai 4,0,0.03,0.16,0.01,0.2,PS3
287200,Wildlife Park 3,2014/5/12,0,b-alive gmbh,b-alive gmbh,"100,000 .. 200,000",9.99,100,Wildlife Park 3,0,0.07,0,0.02,0.08,PC
628180,Winning Post,2017/7/25,0,"KOEI TECMO GAMES CO., LTD.","KOEI TECMO GAMES CO., LTD.","0 .. 20,000",12.99,100,Winning Post,0,0,0.53,0,0.53,SNES
2270,Wolfenstein 3D,2007/8/3,0,id Software,Bethesda Softworks,"500,000 .. 1,000,000",4.99,100,Wolfenstein 3D,0.12,0.04,0,0,0.17,GBA
201810,Wolfenstein: The New Order,2014/5/19,0,MachineGames,Bethesda Softworks,"2,000,000 .. 5,000,000",19.99,100,Wolfenstein: The New Order,0.47,0.8,0.03,0.29,1.58,PS4
350080,Wolfenstein: The Old Blood,2015/5/4,0,MachineGames,Bethesda Softworks,"500,000 .. 1,000,000",19.99,100,Wolfenstein: The Old Blood,0.09,0.25,0.02,0.06,0.42,PS4
22000,World of Goo,2008/10/13,0,2D BOY,2D BOY,"1,000,000 .. 2,000,000",14.99,100,World of Goo,0,0.03,0,0.01,0.04,PC
1407200,World of Tanks,2021/4/28,1,Wargaming Group Limited,Wargaming Group Limited,"5,000,000 .. 10,000,000",0,100,World of Tanks,0,0.23,0,0.06,0.29,PC
43100,World of Zoo,2009/10/30,0,Blue Fang,HandyGames,"50,000 .. 100,000",9.99,100,World of Zoo,0.43,0.2,0,0.06,0.7,DS
70640,Worms,2011/10/19,0,Team17 Digital Ltd,Team17 Digital Ltd,"100,000 .. 200,000",7.99,100,Worms,0,0.02,0,0.01,0.03,PS3
217200,Worms Armageddon,2013/3/19,0,Team17 Digital Ltd,Team17 Digital Ltd,"1,000,000 .. 2,000,000",14.99,100,Worms Armageddon,0.18,0.81,0,0.08,1.06,PS
70650,Worms Blast,2011/10/19,0,Team17 Digital Ltd,Team17 Digital Ltd,"50,000 .. 100,000",7.99,100,Worms Blast,0.05,0.01,0,0,0.06,GC
22600,Worms Reloaded,2010/8/26,0,Team17 Digital Ltd,Team17 Digital Ltd,"500,000 .. 1,000,000",19.99,100,Worms Reloaded,0,0.04,0,0.01,0.05,PC
2870,X Rebirth,2013/11/15,0,Egosoft,Egosoft,"500,000 .. 1,000,000",29.99,100,X Rebirth,0,0.08,0,0.01,0.08,PC
7510,X-Blades,2009/4/30,0,Gaijin Entertainment,Topware Interactive,"500,000 .. 1,000,000",12.99,100,X-Blades,0.1,0.02,0.02,0.01,0.14,X360
7760,X-COM: UFO Defense,2008/9/4,0,"MicroProse Software, Inc",2K,"1,000,000 .. 2,000,000",4.99,100,X-COM: UFO Defense,0.05,0.04,0,0.01,0.09,PS
2820,X3: Terran Conflict,2008/10/16,0,Egosoft,Egosoft,"500,000 .. 1,000,000",15.99,100,X3: Terran Conflict,0,0.02,0,0.01,0.03,PC
200510,XCOM: Enemy Unknown,2012/10/11,0,"Firaxis Games, Feral Interactive (Linux)","2K, Feral Interactive (Linux)","2,000,000 .. 5,000,000",29.99,100,XCOM: Enemy Unknown,0.26,0.36,0,0.1,0.72,PC
1154790,XIII,2020/11/10,0,PlayMagic,Microids,"200,000 .. 500,000",19.99,100,XIII,0.28,0.22,0,0.07,0.57,PS2
834530,Yakuza Kiwami,2019/2/19,0,Ryu Ga Gotoku Studio,SEGA,"500,000 .. 1,000,000",19.99,100,Yakuza Kiwami,0,0,0.16,0,0.16,PS4
587110,Ys: Memories of Celceta,2018/7/25,0,Nihon Falcom,"XSEED Games, Marvelous USA, Inc.","20,000 .. 50,000",24.99,100,Ys: Memories of Celceta,0.15,0.01,0.1,0.04,0.29,PSV
207320,Ys: The Oath in Felghana,2012/3/19,0,Nihon Falcom,XSEED Games,"100,000 .. 200,000",14.99,100,Ys: The Oath in Felghana,0.09,0,0.04,0.01,0.14,PSP
311240,Zero Escape: Zero Time Dilemma,2016/6/29,0,"Spike Chunsoft Co., Ltd.","Spike Chunsoft Co., Ltd.","1,000,000 .. 2,000,000",5.99,100,Zero Escape: Zero Time Dilemma,0.04,0,0.01,0.01,0.06,3DS
301640,Zombie Army Trilogy,2015/3/6,0,Rebellion,Rebellion,"1,000,000 .. 2,000,000",44.99,100,Zombie Army Trilogy,0.04,0.12,0,0.03,0.2,PS4
532320,de Blob,2017/4/27,0,"Blue Tongue Entertainment, Blitworks",THQ Nordic,"20,000 .. 50,000",19.99,100,de Blob,0.5,0.37,0,0.1,0.97,Wii
563190,de Blob 2,2017/6/22,0,"Blue Tongue Entertainment, Blitworks",THQ Nordic,"0 .. 20,000",19.99,100,de Blob 2,0.11,0.07,0,0.03,0.21,PS3
368640,htoL#NiQ: The Firefly Diary,2016/5/18,0,"Nippon Ichi Software, Inc.","NIS America, Inc.","20,000 .. 50,000",9.99,100,htoL#NiQ: The Firefly Diary,0,0,0.01,0,0.01,PSV
40380,nail'd,2010/11/30,0,Techland,Deep Silver,"100,000 .. 200,000",4.99,100,nail'd,0.08,0.02,0,0.02,0.12,PS3
311770,LEGO® Pirates of the Caribbean: The Video Game,2014/10/6,0,Traveller's Tales,Disney,"200,000 .. 500,000",19.99,98.9010989,LEGO Pirates of the Caribbean: The Video Game,0.76,0.72,0,0.16,1.64,Wii
991270,The Legend of Heroes: Trails of Cold Steel III,2020/3/23,0,"Nihon Falcom, Engine Software BV, PH3 GmbH","NIS America, Inc.","50,000 .. 100,000",59.99,98.9010989,The Legend of Heroes: Trails of Cold Steel II,0.02,0,0.13,0.01,0.15,PSV
369230,Kung Fu Panda Showdown of Legendary Legends,2016/1/6,0,Vicious Cycle Software,Little Orbit,"0 .. 20,000",0,98.85057471,Kung Fu Panda: Showdown of Legendary Legends,0,0.03,0,0,0.03,X360
22340,Call of Cthulhu®: Dark Corners of the Earth,2009/6/16,0,Headfirst Productions,Bethesda Softworks,"200,000 .. 500,000",4.99,98.82352941,Call of Cthulhu: Dark Corners of the Earth,0.05,0.01,0,0,0.06,XB
31930,Nancy Drew®: The White Wolf of Icicle Creek,2009/7/17,0,HeR Interactive,HeR Interactive,"50,000 .. 100,000",6.99,98.82352941,Nancy Drew: The White Wolf of Icicle Creek,0.14,0,0,0.01,0.15,Wii
285330,RollerCoaster Tycoon® 2: Triple Thrill Pack,2014/5/21,0,Chris Sawyer Productions,Atari,"500,000 .. 1,000,000",2.49,98.82352941,RollerCoaster Tycoon 2: Triple Thrill Pack,0,0.02,0,0.01,0.03,PC
212630,Tom Clancy's Ghost Recon: Future Soldier™,2012/6/27,0,"Ubisoft Paris, Red Storm Entertainment",Ubisoft,"200,000 .. 500,000",19.99,98.7654321,Tom Clancy's Ghost Recon: Future Soldier,0.93,0.4,0.02,0.12,1.46,X360
48110,Silent Hunter 5®: Battle of the Atlantic,N,0,Ubisoft Romania,Ubisoft,"100,000 .. 200,000",9.99,98.73417722,Silent Hunter 5: Battle of the Atlantic,0,0.21,0,0.05,0.26,PC
12500,PuzzleQuest: Challenge of the Warlords,2008/1/29,0,Infinite Interactive,"D3Publisher of America, Inc.","50,000 .. 100,000",9.99,98.7012987,Puzzle Quest: Challenge of the Warlords,0.28,0.01,0.03,0.02,0.34,DS
33320,Prince of Persia: The Forgotten Sands™,2010/6/10,0,Ubisoft Montreal,Ubisoft,"200,000 .. 500,000",9.99,98.66666667,Prince of Persia: The Forgotten Sands,0.19,0.36,0.01,0.13,0.7,PS3
15200,Silent Hunter®: Wolves of the Pacific,2009/8/27,0,Ubisoft Romania,Ubisoft,"100,000 .. 200,000",9.99,98.63013699,Silent Hunter: Wolves of the Pacific,0,0.04,0,0.01,0.05,PC
13600,Prince of Persia®: The Sands of Time,N,0,Kudosoft,Ubisoft,"500,000 .. 1,000,000",1.99,98.5915493,Prince of Persia: The Sands of Time,0.88,1.03,0,0.31,2.22,PS2
1521160,Are You Smarter Than A 5th Grader,2022/8/23,0,Massive Miniteam,HandyGames,"0 .. 20,000",29.99,98.50746269,Are You Smarter Than A 5th Grader?,0.48,0,0,0.04,0.53,DS
215390,Damage Inc. Pacific Squadron WWII,2012/8/28,0,Trickstar Games,Mad Catz,"0 .. 20,000",39.99,98.50746269,Damage Inc.: Pacific Squadron WWII,0.07,0,0,0.01,0.07,X360
13530,Prince of Persia: The Two Thrones™,2009/8/27,0,Ubisoft Montreal,Ubisoft,"200,000 .. 500,000",1.99,98.50746269,Prince of Persia: The Two Thrones,0.57,0.02,0,0.09,0.68,PS2
363150,Romance of the Three Kingdoms XIII,2016/1/27,0,"KOEI TECMO GAMES CO., LTD.","KOEI TECMO GAMES CO., LTD.","200,000 .. 500,000",59.99,98.50746269,Romance of the Three Kingdoms XII,0,0,0.09,0,0.09,PS3
15390,Brothers in Arms: Hell's Highway™,2008/10/8,0,Gearbox Software,Ubisoft,"200,000 .. 500,000",3.99,98.46153846,Brothers in Arms: Hell's Highway,0.44,0.34,0,0.15,0.93,PS3
524580,Fairy Fencer F Advent Dark Force,2017/2/14,0,"IDEA FACTORY, COMPILE HEART",Idea Factory International,"200,000 .. 500,000",19.99,98.46153846,Fairy Fencer F: Advent Dark Force,0.02,0,0.05,0,0.07,PS4
13500,Prince of Persia: Warrior Within™,2009/8/27,0,Ubisoft,Ubisoft,"200,000 .. 500,000",9.99,98.46153846,Prince of Persia: Warrior Within,0.54,0.88,0,0.22,1.64,PS2
2700,RollerCoaster Tycoon® 3: Platinum,2008/3/12,0,"Frontier, Aspyr (Mac)","Frontier, Aspyr (Mac)","500,000 .. 1,000,000",0,98.46153846,RollerCoaster Tycoon 3: Platinum,0.01,0.06,0,0.01,0.09,PC
521710,Romance of the Three Kingdoms III,2017/2/21,0,"KOEI TECMO GAMES CO., LTD.","KOEI TECMO GAMES CO., LTD.","0 .. 20,000",19.99,98.46153846,Romance of the Three Kingdoms II,0,0,0.25,0,0.25,SNES
285190,"Warhammer 40,000: Dawn of War III",2017/4/27,0,"Relic Entertainment, Feral Interactive (Mac), Feral Interactive (Linux)","SEGA, Feral Interactive (Mac), Feral Interactive (Linux)","1,000,000 .. 2,000,000",39.99,98.46153846,"Warhammer 40,000: Dawn of War II",0,0.45,0,0.02,0.47,PC
65270,Demolition Company Gold Edition,2011/8/4,0,Giants Software,Giants Software,"20,000 .. 50,000",9.99,98.41269841,Demolition Company: Gold Edition,0,0.02,0,0,0.02,PC
50990,Mystery Case Files: Ravenhearst®,2010/4/21,0,Big Fish Games,Big Fish Games,"0 .. 20,000",9.99,98.41269841,Mystery Case Files: Ravenhearst,0.01,0.02,0,0.01,0.03,PC
201290,Sins of a Solar Empire: Trinity®,2011/11/16,0,"Ironclad Games Corporation, Stardock Entertainment",Stardock Entertainment,"100,000 .. 200,000",9.99,98.41269841,Sins of a Solar Empire: Trinity,0,0.03,0,0.01,0.04,PC
6510,Lost Planet™: Extreme Condition,2007/6/29,0,"CAPCOM Co., Ltd.",Capcom,"200,000 .. 500,000",14.99,98.36065574,Lost Planet: Extreme Condition,1.09,0.04,0.1,0.11,1.34,X360
2214040,The Humans: Meet the Ancestors,2023/6/19,0,Blue Monkey Studios,"Piko Interactive LLC, Bleem.net","0 .. 20,000",11.99,98.36065574,The Humans: Meet the Ancestors!,0.01,0,0,0,0.01,DS
102500,Kingdoms of Amalur: Reckoning™,N,0,"Big Huge Games, 38 Studios","38 Studios, Electronic Arts","500,000 .. 1,000,000",0,98.30508475,Kingdoms of Amalur: Reckoning,0.55,0.25,0.01,0.07,0.89,X360
2184570,Memories Off #5 Togireta Film,2024/1/31,0,MAGES. Inc.,"Spike Chunsoft Co., Ltd.","0 .. 20,000",10.49,98.30508475,Memories Off #5: Togireta Film,0,0,0.01,0,0.01,PSP
12590,Sprint Cars Road to Knoxville,2008/7/29,0,BigAnt Studios,Cosmi Valusoft,"20,000 .. 50,000",9.99,98.30508475,Sprint Cars: Road to Knoxville,0.03,0.03,0,0.01,0.07,PS2
21130,LEGO® Harry Potter: Years 1-4,2010/6/25,0,TT Games,Warner Bros. Interactive Entertainment,"1,000,000 .. 2,000,000",19.99,98.24561404,LEGO Harry Potter: Years 1-4,1.29,0.97,0,0.23,2.49,Wii
204120,LEGO® Harry Potter: Years 5-7,2012/1/5,0,Traveller's Tales,Warner Bros. Interactive Entertainment,"200,000 .. 500,000",19.99,98.24561404,LEGO Harry Potter: Years 5-7,0.76,0.47,0,0.13,1.36,Wii
411320,"Codename: Panzers, Phase Two",2016/2/18,0,"Stormregion, THQ Nordic",THQ Nordic,"20,000 .. 50,000",14.99,98.18181818,Codename: Panzers Phase Two,0,0.01,0,0,0.01,PC
331600,One Piece Pirate Warriors 3,2015/8/27,0,"KOEI TECMO GAMES CO., LTD.",BANDAI NAMCO Entertainment,"500,000 .. 1,000,000",39.99,98.18181818,One Piece: Pirate Warriors 3,0.08,0.22,0.1,0.05,0.45,PS4
214870,Painkiller Hell & Damnation,2012/10/31,0,The Farm 51,Prime Matter,"200,000 .. 500,000",3.99,98.18181818,Painkiller: Hell & Damnation,0.02,0.02,0,0.01,0.04,PS3
287290,Resident Evil Revelations 2,N,0,"CAPCOM Co., Ltd.","CAPCOM Co., Ltd.","2,000,000 .. 5,000,000",5.99,98.18181818,Resident Evil: Revelations 2,0.13,0.24,0.1,0.07,0.54,PS4
3900,Sid Meier's Civilization® IV,2006/10/25,0,Firaxis Games,2K,"1,000,000 .. 2,000,000",19.99,98.18181818,Sid Meier's Civilization IV,0.02,0.12,0,0.03,0.17,PC
368500,Assassin's Creed® Syndicate,2015/11/18,0,"Ubisoft Quebec, in collaboration with Ubisoft Annecy, Bucharest, Kiev, Montreal, Montpellier, Shanghai, Singapore, Sofia, Toronto studios",Ubisoft,"2,000,000 .. 5,000,000",29.99,98.11320755,Assassin's Creed Syndicate,0.8,1.92,0.06,0.5,3.28,PS4
202970,Call of Duty®: Black Ops II,2012/11/12,0,Treyarch,Activision,"2,000,000 .. 5,000,000",59.99,98.11320755,Call of Duty: Black Ops II,4.99,5.88,0.65,2.52,14.03,PS3
2229890,Command & Conquer Renegade™,2024/3/7,0,N,N,"0 .. 20,000",,98.11320755,Command & Conquer Renegade,0,0.01,0,0,0.01,PC
282560,RollerCoaster Tycoon World™,2016/11/16,0,Nvizzio Creations,"Atari, RCTO Productions","200,000 .. 500,000",5.99,98.11320755,RollerCoaster Tycoon World,0,0.02,0,0,0.02,PC
8930,Sid Meier's Civilization® V,2010/9/23,0,"Firaxis Games, Aspyr (Mac), Aspyr (Linux)","2K, Aspyr (Mac), Aspyr (Linux)","10,000,000 .. 20,000,000",29.99,98.11320755,Sid Meier's Civilization V,0.98,0.52,0,0.19,1.69,PC
13560,Tom Clancy's Splinter Cell®,2008/4/1,0,Ubisoft,Ubisoft,"500,000 .. 1,000,000",9.99,98.11320755,Tom Clancy's Splinter Cell,1.85,1.04,0,0.13,3.02,XB
2766060,Zapper: One Wicked Cricket,2024/2/15,0,"Blitz Games Ltd, Big Boat Interactive","Atari, Infogrames","0 .. 20,000",6.99,98.11320755,Zapper: One Wicked Cricket!,0.08,0.06,0,0.02,0.16,PS2
223100,Homefront®: The Revolution,2016/5/19,0,Dambuster Studios,Deep Silver,"500,000 .. 1,000,000",19.99,98.03921569,Homefront: The Revolution,0.05,0.19,0.03,0.04,0.31,PS4
222480,Resident Evil Revelations,2013/5/23,0,Capcom,Capcom,"500,000 .. 1,000,000",19.99,98.03921569,Resident Evil: Revelations,0.3,0.22,0.3,0.05,0.88,3DS
306130,The Elder Scrolls® Online,2017/5/22,0,ZeniMax Online Studios,Bethesda Softworks,"5,000,000 .. 10,000,000",19.99,97.95918367,The Elder Scrolls Online,0.66,0.78,0,0.28,1.72,PS4
43190,The Haunted: Hells Reach,2011/10/24,0,KTX Software,Signo &amp; Arte,"50,000 .. 100,000",8.99,97.95918367,The Haunted: Hell's Reach,0.02,0,0,0,0.02,PC
15300,Tom Clancy's Ghost Recon®,2008/7/15,0,Red Storm Entertainment,Ubisoft,"200,000 .. 500,000",9.99,97.95918367,Tom Clancy's Ghost Recon,1.42,0.4,0,0.12,1.94,PS2
438430,Valentino Rossi The Game,2016/6/16,0,Milestone S.r.l.,Milestone S.r.l.,"50,000 .. 100,000",1.49,97.95918367,Valentino Rossi: The Game,0.01,0.05,0,0.01,0.06,PS4
42700,Call of Duty®: Black Ops,2010/11/8,0,Treyarch,Activision,"2,000,000 .. 5,000,000",39.99,97.87234043,Call of Duty: Black Ops,9.67,3.73,0.11,1.13,14.64,X360
34319,Ecco™: The Tides of Time,2010/10/26,0,SEGA,SEGA,"0 .. 20,000",0.99,97.87234043,Ecco: The Tides of Time,0,0,0.07,0,0.07,GEN
260190,Marc Eckō's Getting Up: Contents Under Pressure,2013/12/13,0,"The Collective, General Arcade",Devolver Digital,"100,000 .. 200,000",14.99,97.87234043,Marc Ecko's Getting Up: Contents Under Pressure,0.03,0.02,0,0.01,0.05,PS2
48220,Might & Magic: Heroes VI,2011/10/13,0,Blackhole,Ubisoft,"500,000 .. 1,000,000",9.99,97.87234043,Might & Magic Heroes VI,0.12,0.14,0,0.05,0.31,PC
15710,Oddworld: Abe's Exoddus®,2008/8/28,0,Oddworld Inhabitants,Oddworld Inhabitants,"200,000 .. 500,000",2.99,97.87234043,Oddworld: Abe's Exoddus,0.55,0.38,0,0.06,0.99,PS
15700,Oddworld: Abe's Oddysee®,2008/8/28,0,Oddworld Inhabitants,Oddworld Inhabitants,"5,000,000 .. 10,000,000",2.99,97.87234043,Oddworld: Abe's Oddysee,0.75,0.44,0,0.06,1.24,PS
425220,One Piece Burning Blood,2016/9/1,0,"Spike Chunsoft Co., Ltd.",BANDAI NAMCO Entertainment,"100,000 .. 200,000",49.99,97.87234043,One Piece: Burning Blood,0.1,0.08,0.07,0.04,0.28,PS4
1602010,Persona 4 Arena Ultimax,2022/3/16,0,"Arc System Works, ATLUS",SEGA,"200,000 .. 500,000",29.99,97.87234043,Persona 4: Arena Ultimax,0,0.01,0.13,0,0.14,PS3
391220,Rise of the Tomb Raider™,N,0,"Crystal Dynamics, Eidos-Montréal, Feral Interactive (Mac), Feral Interactive (Linux), Nixxes","Crystal Dynamics, Feral Interactive (Mac), Feral Interactive (Linux)","5,000,000 .. 10,000,000",4.49,97.87234043,Rise of the Tomb Raider,0.53,0.64,0.02,0.1,1.3,XOne
218680,Scribblenauts Unlimited,2013/2/15,0,5th Cell Media,Warner Bros. Interactive Entertainment,"1,000,000 .. 2,000,000",19.99,97.87234043,Scribblenauts: Unlimited,0.55,0.01,0,0.04,0.6,3DS
45760,Ultra Street Fighter® IV,2014/8/7,0,Capcom,Capcom,"500,000 .. 1,000,000",29.99,97.87234043,Ultra Street Fighter IV,0,0.08,0,0.01,0.1,PS4
32450,LEGO® Indiana Jones™ 2: The Adventure Continues,2010/2/18,0,Traveller's Tales,"LucasArts, Lucasfilm, Disney","100,000 .. 200,000",19.99,97.82608696,LEGO Indiana Jones 2: The Adventure Continues,0.91,0.39,0,0.13,1.43,Wii
209000,Batman™: Arkham Origins,2013/10/24,0,"WB Games Montreal, Splash Damage",Warner Bros. Interactive Entertainment,"2,000,000 .. 5,000,000",19.99,97.77777778,Batman: Arkham Origins,1.07,0.87,0.04,0.4,2.39,PS3
8170,Battlestations Pacific,2009/5/12,0,Eidos Studio Hungary,Square Enix,"200,000 .. 500,000",0,97.77777778,Battlestations: Pacific,0.17,0.12,0.01,0.03,0.33,X360
1233570,Mirror's Edge™ Catalyst,N,0,DICE,Electronic Arts,"500,000 .. 1,000,000",19.99,97.77777778,Mirror's Edge Catalyst,0.1,0.14,0.02,0.06,0.32,PS4
12710,Overlord™: Raising Hell,2008/2/28,0,Triumph Studios,"Codemasters, Electronic Arts","500,000 .. 1,000,000",9.99,97.77777778,Overlord: Raising Hell,0.07,0.04,0,0.02,0.13,PS3
19000,Silent Hill Homecoming,2009/3/2,0,Double Helix Games,KONAMI,"200,000 .. 500,000",39.99,97.77777778,Silent Hill: Homecoming,0.25,0.16,0,0.04,0.45,X360
32330,LEGO® Indiana Jones™: The Original Adventures,2009/7/8,0,Traveller's Tales,"LucasArts, Lucasfilm, Disney","200,000 .. 500,000",19.99,97.72727273,LEGO Indiana Jones: The Original Adventures,2.4,1.03,0,0.36,3.78,X360
208650,Batman™: Arkham Knight,2015/6/23,0,Rocksteady Studios,WB Games,"2,000,000 .. 5,000,000",19.99,97.6744186,Batman: Arkham Knight,1.49,1.58,0.1,0.61,3.79,PS4
1262600,Need for Speed™ Rivals,2020/6/4,0,Criterion Games,Electronic Arts,"1,000,000 .. 2,000,000",19.99,97.6744186,Need for Speed Rivals,0.73,0.91,0.03,0.22,1.89,PS4
15080,Rayman Raving Rabbids™,2008/6/13,0,"Ubisoft Bulgaria, Ubisoft Montpellier",Ubisoft,"100,000 .. 200,000",9.99,97.6744186,Rayman Raving Rabbids,1.23,0.07,0.02,0.11,1.44,Wii
202310,Ridge Racer™ Unbounded,2012/3/29,0,BUGBEAR,BANDAI NAMCO Entertainment,"200,000 .. 500,000",9.99,97.6744186,Ridge Racer Unbounded,0.05,0.1,0,0.03,0.18,PS3
271500,Sniper Art of Victory,2014/1/31,0,CI Games,CI Games,"200,000 .. 500,000",2.99,97.6744186,Sniper: Art of Victory,0,0.45,0,0.03,0.49,PC
70600,Worms Ultimate Mayhem,2011/9/28,0,Team17 Digital Ltd,Team17 Digital Ltd,"500,000 .. 1,000,000",14.99,97.6744186,Worms: Ultimate Mayhem,0,0.03,0,0,0.04,PC
3260,Safecracker: The Ultimate Puzzle Adventure,2007/8/29,0,Kheops Studio,HandyGames,"100,000 .. 200,000",4.99,97.61904762,SafeCracker: The Ultimate Puzzle Adventure,0.07,0.06,0,0.01,0.15,DS
209160,Call of Duty®: Ghosts,2014/3/25,0,Infinity Ward,Activision,"1,000,000 .. 2,000,000",59.99,97.56097561,Call of Duty: Ghosts,6.72,2.63,0.04,0.82,10.21,X360
578330,LEGO® City Undercover,2017/4/4,0,Traveller's Tales,TT Games,"500,000 .. 1,000,000",19.99,97.56097561,LEGO City Undercover,0.51,0.75,0.07,0.12,1.46,3DS
223810,Ys I & II Chronicles+,2013/2/14,0,Nihon Falcom,XSEED Games,"200,000 .. 500,000",14.99,97.56097561,Ys I & II Chronicles,0.05,0,0.03,0.01,0.09,PSP
13570,Tom Clancy's Splinter Cell Chaos Theory®,2009/8/27,0,Ubisoft Montreal,Ubisoft,"200,000 .. 500,000",9.99,97.5,Tom Clancy's Splinter Cell: Chaos Theory,0.68,0.38,0,0.05,1.11,XB
13580,Tom Clancy's Splinter Cell Double Agent®,2009/2/13,0,Ubisoft Montreal,Ubisoft,"200,000 .. 500,000",2.49,97.5,Tom Clancy's Splinter Cell: Double Agent,0.67,0.05,0.01,0.06,0.78,X360
6090,Armed and Dangerous®,2009/7/8,0,Planet Moon Studios,"LucasArts, Lucasfilm, Disney","20,000 .. 50,000",5.99,97.43589744,Armed and Dangerous,0.09,0.03,0,0,0.13,XB
352400,LEGO® Jurassic World,2015/6/11,0,TT Games Ltd,Warner Bros. Interactive Entertainment,"1,000,000 .. 2,000,000",19.99,97.43589744,LEGO Jurassic World,0.47,0.4,0,0.08,0.95,X360
65980,Sid Meier's Civilization®: Beyond Earth™,2014/10/23,0,"Firaxis Games, Aspyr (Mac), Aspyr (Linux)","2K, Aspyr (Mac), Aspyr (Linux)","1,000,000 .. 2,000,000",39.99,97.43589744,Sid Meier's Civilization: Beyond Earth,0.11,0.22,0,0.03,0.37,PC
21800,Tom Clancy's EndWar™,2009/2/25,0,Ubisoft  Shanghaï,Ubisoft,"200,000 .. 500,000",2.99,97.43589744,Tom Clancy's EndWar,0.58,0.24,0.01,0.09,0.91,X360
294860,Valkyria Chronicles™,2014/11/11,0,SEGA,SEGA,"500,000 .. 1,000,000",19.99,97.43589744,Valkyria Chronicles,0.71,0.2,0.24,0.13,1.29,PS3
47700,Command & Conquer™ 4 Tiberian Twilight,N,0,EA Los Angeles,Electronic Arts,"200,000 .. 500,000",19.88,97.36842105,Command & Conquer 4: Tiberian Twilight,0,0.01,0,0,0.02,PC
33220,Tom Clancy's Splinter Cell Conviction™,2010/4/29,0,Ubisoft Montreal,Ubisoft,"100,000 .. 200,000",39.99,97.36842105,Tom Clancy's Splinter Cell: Conviction,1.2,0.63,0.04,0.19,2.06,X360
24200,DC Universe™ Online,2011/11/2,1,Dimensional Ink Games,Daybreak Game Company,"2,000,000 .. 5,000,000",0,97.2972973,DC Universe Online,0.35,0.12,0,0.06,0.52,PS3
29620,Guild Wars® Trilogy,2009/4/22,0,N,N,"0 .. 20,000",0,97.2972973,Guild Wars Trilogy,0,0.03,0,0.01,0.04,PC
203140,Hitman: Absolution™,N,0,Io-Interactive A/S,Io-Interactive A/S,"2,000,000 .. 5,000,000",19.99,97.2972973,Hitman: Absolution,0.59,1.07,0.07,0.45,2.19,PS3
560430,Indiana Jones® and the Emperor's Tomb™,2018/11/16,0,LucasArts,"Lucasfilm, Disney","50,000 .. 100,000",5.99,97.2972973,Indiana Jones and the Emperor's Tomb,0.14,0.04,0,0.01,0.18,XB
1502970,Atelier Sophie: The Alchemist of the Mysterious Book DX,2021/4/21,0,"KOEI TECMO GAMES CO., LTD.","KOEI TECMO GAMES CO., LTD.","100,000 .. 200,000",39.99,97.19626168,Atelier Sophie: The Alchemist of the Mysterious Book,0.01,0.02,0.06,0.01,0.1,PS4
15210,Silent Hunter® III,2008/6/13,0,Ubisoft,Ubisoft,"200,000 .. 500,000",9.99,97.14285714,Silent Hunter III,0,0.07,0,0.01,0.08,PC
21660,Street Fighter® IV,2009/7/7,0,Capcom,Capcom,"100,000 .. 200,000",0,97.14285714,Street Fighter IV,2.02,1.06,0.58,0.53,4.19,PS3
429660,Tales of Berseria™,2017/1/26,0,BANDAI NAMCO Studios Inc.,BANDAI NAMCO Entertainment,"1,000,000 .. 2,000,000",49.99,97.14285714,Tales of Berseria,0,0,0.22,0,0.22,PS4
24790,Command & Conquer 3 Tiberium Wars™,2009/11/13,0,EA Los Angeles,Electronic Arts,"1,000,000 .. 2,000,000",19.88,97.05882353,Command & Conquer 3: Tiberium Wars,0.35,0.05,0,0.03,0.43,X360
15000,Tom Clancy's Rainbow Six Lockdown™,2009/8/27,0,Red Storm Entertainment,Ubisoft,"200,000 .. 500,000",9.99,97.05882353,Tom Clancy's Rainbow Six: Lockdown,0.26,0.13,0,0.02,0.41,XB
1152310,Atelier Escha & Logy: Alchemists of the Dusk Sky DX,2020/1/14,0,"KOEI TECMO GAMES CO., LTD.","KOEI TECMO GAMES CO., LTD.","0 .. 20,000",39.99,96.96969697,Atelier Escha & Logy: Alchemists of the Dusk Sky,0.06,0.04,0.1,0.02,0.22,PS3
2616460,Dungeon Keeper™ 2,2024/3/7,0,Bullfrog Productions,Electronic Arts,"100,000 .. 200,000",4.99,96.96969697,Dungeon Keeper 2,0,0.05,0,0.01,0.06,PC
34274,Ecco the Dolphin™,2010/6/1,0,SEGA,SEGA,"20,000 .. 50,000",0.99,96.96969697,Ecco the Dolphin,0,0,0.12,0,0.12,GEN
548810,Operation Babel: New Tokyo Legacy,2017/5/16,0,"MAGES. Inc., 5pb., Experience Inc.","NIS America, Inc.","0 .. 20,000",19.99,96.96969697,New Tokyo Legacy: Operation Babel,0,0,0.03,0,0.03,PSV
1113000,Persona 4 Golden,N,0,ATLUS,SEGA,"1,000,000 .. 2,000,000",19.99,96.96969697,Persona 4: Golden,0.46,0.34,0.38,0.21,1.38,PSV
19980,Prince of Persia®,2008/12/10,0,Ubisoft Montreal,Ubisoft,"200,000 .. 500,000",1.99,96.96969697,Prince of Persia,0.47,0.41,0.03,0.18,1.08,PS3
1245280,Skeleton Warrior,2020/2/22,0,Render,Render,"0 .. 20,000",0.99,96.96969697,Skeleton Warriors,0.04,0.03,0,0.01,0.08,PS
23310,The Last Remnant™,2009/4/9,0,Square Enix,Square Enix,"500,000 .. 1,000,000",0,96.96969697,The Last Remnant,0.25,0.2,0.18,0.06,0.69,X360
15120,Tom Clancy's Rainbow Six® Vegas 2,2008/4/16,0,Ubisoft Montreal,Ubisoft,"500,000 .. 1,000,000",9.99,96.96969697,Tom Clancy's Rainbow Six: Vegas 2,1.56,0.61,0.02,0.23,2.42,X360
71115,Virtua Fighter™ 2,2010/10/26,0,SEGA,SEGA,"0 .. 20,000",0.99,96.96969697,Virtua Fighter 2,0.34,0.26,1.3,0.03,1.93,SAT
294810,BlazBlue: Continuum Shift Extend,2014/12/11,0,Arc System Works,"H2 Interactive Co., Ltd.","200,000 .. 500,000",19.99,96.875,Blazblue: Continuum Shift Extend,0.03,0.05,0.02,0.02,0.12,PSV
211050,Battle vs Chess,2012/8/16,0,N,N,"0 .. 20,000",0,96.77419355,Battle vs. Chess,0,0.04,0,0.01,0.05,PS3
1745960,Circuit Breaker,2021/10/21,0,Still Pending Games,Still Pending Games,"0 .. 20,000",4.99,96.77419355,Circuit Breakers,0.04,0.03,0,0,0.07,PS
514360,Freedom Fighter,2017/5/26,0,Volens Nolens Games,Volens Nolens Games,"20,000 .. 50,000",4.99,96.77419355,Freedom Fighters,0.25,0.2,0,0.07,0.52,PS2
213330,LEGO® Batman™ 2: DC Super Heroes,2012/6/22,0,TT Games,Warner Bros. Interactive Entertainment,"200,000 .. 500,000",19.99,96.77419355,LEGO Batman 2: DC Super Heroes,0.9,0.64,0,0.15,1.68,X360
213670,South Park™: The Stick of Truth™,2014/3/5,0,Obsidian Entertainment,Ubisoft,"2,000,000 .. 5,000,000",29.99,96.77419355,South Park: The Stick of Truth,0.42,0.38,0,0.17,0.98,PS3
316750,Tetris® Ultimate,2015/12/10,0,Ubisoft - San Francisco,Ubisoft - San Francisco,"50,000 .. 100,000",0,96.77419355,Tetris Ultimate,0,0.01,0,0,0.01,PSV
359550,Tom Clancy's Rainbow Six® Siege,N,0,Ubisoft Montreal,Ubisoft,"20,000,000 .. 50,000,000",19.99,96.77419355,Tom Clancy's Rainbow Six: Siege,0.54,1.16,0.13,0.32,2.15,PS4
13540,Tom Clancy's Rainbow Six® Vegas,2008/4/9,0,Ubisoft Montreal,Ubisoft,"200,000 .. 500,000",9.99,96.77419355,Tom Clancy's Rainbow Six: Vegas,1.09,0.65,0.02,0.2,1.96,X360
363130,Toukiden: Kiwami,2015/6/25,0,"KOEI TECMO GAMES CO., LTD.","KOEI TECMO GAMES CO., LTD.","50,000 .. 100,000",59.99,96.77419355,Toukiden Kiwami,0.05,0.05,0.17,0.03,0.3,PSV
2183900,"Warhammer 40,000: Space Marine 2",N,0,Saber Interactive,Focus Entertainment,"2,000,000 .. 5,000,000",59.99,96.77419355,"Warhammer 40,000: Space Marine",0.25,0.27,0,0.06,0.57,X360
56400,"Warhammer 40,000: Dawn of War II: Retribution",N,0,"Relic Entertainment, Feral Interactive (Mac/Linux)","SEGA, Feral Interactive (Mac/Linux)","2,000,000 .. 5,000,000",29.99,96.7032967,"Warhammer 40,000: Dawn of War II - Retribution",0,0.06,0,0.02,0.08,PC
521670,Romance of the Three Kingdoms,2016/12/13,0,"KOEI TECMO GAMES CO., LTD.","KOEI TECMO GAMES CO., LTD.","50,000 .. 100,000",12.99,96.66666667,Romance of the Three Kingdoms X,0.04,0.03,0,0.01,0.09,PS2
636460,Rugby League Team Manager 2018,2017/10/13,0,Alternative Software Ltd,Alternative Software Ltd,"0 .. 20,000",39.99,96.66666667,Rugby League Team Manager 2015,0,0.02,0,0,0.02,PC
1152320,Atelier Shallie: Alchemists of the Dusk Sea DX,2020/1/14,0,"KOEI TECMO GAMES CO., LTD.","KOEI TECMO GAMES CO., LTD.","0 .. 20,000",39.99,96.62921348,Atelier Shallie: Alchemists of the Dusk Sea,0.06,0.05,0.08,0.02,0.2,PS3
34010,Alpha Protocol™,2010/5/27,0,Obsidian Entertainment,SEGA,"500,000 .. 1,000,000",19.99,96.55172414,Alpha Protocol,0.19,0.18,0,0.07,0.43,PS3
201870,Assassin's Creed® Revelations,2011/11/30,0,Ubisoft Montreal,Ubisoft,"1,000,000 .. 2,000,000",19.99,96.55172414,Assassin's Creed: Revelations,1.41,2.02,0.1,0.72,4.24,PS3
2493580,Blazing Dragon,N,0,N,N,"0 .. 20,000",,96.55172414,Blazing Dragons,0.08,0.06,0,0.01,0.15,PS
2630,Call of Duty® 2,2006/10/13,0,Infinity Ward,Activision,"5,000,000 .. 10,000,000",19.99,96.55172414,Call of Duty 2,1.81,0.05,0.01,0.15,2.02,X360
1758010,Dungeon Raider,2022/6/9,1,Roni Games,Roni Games,"0 .. 20,000",0,96.55172414,Dungeon Raiders,0.05,0,0,0,0.05,DS
47790,Medal of Honor™,2010/10/12,0,Electronic Arts,Electronic Arts,"1,000,000 .. 2,000,000",19.99,96.55172414,Medal of Honor,1.28,1.05,0.07,0.43,2.83,PS3
242550,Rayman® Legends,2013/8/29,0,Ubisoft Montpellier,Ubisoft,"500,000 .. 1,000,000",29.99,96.55172414,Rayman Legends,0.21,0.61,0,0.18,1.01,PS4
207490,Rayman® Origins,2012/3/29,0,Ubisoft Montpellier,Ubisoft,"200,000 .. 500,000",19.99,96.55172414,Rayman Origins,0.33,0.51,0.01,0.18,1.03,PS3
2740750,Rollin' Rascal,N,0,N,N,"0 .. 20,000",,96.55172414,Rollin' Rascals,0.04,0,0,0,0.04,DS
1198090,The Legend of Heroes: Trails of Cold Steel IV,2021/4/9,0,"Nihon Falcom, Engine Software BV, PH3 GmbH","NIS America, Inc.","50,000 .. 100,000",59.99,96.55172414,The Legend of Heroes: Trails of Cold Steel,0.08,0.05,0.14,0.04,0.31,PSV
1612960,Balloon Flight,2021/6/1,0,Cyberwave,Cyberwave,"0 .. 20,000",5.99,96.2962963,Balloon Fight,0.39,0.09,0.43,0.01,0.92,NES
1393340,Battle Hunters,2020/11/4,0,Phase Two Games Pty. Ltd.,Phase Two Games Pty. Ltd.,"0 .. 20,000",14.99,96.2962963,Battle Hunter,0.02,0.01,0,0,0.04,PS
311210,Call of Duty®: Black Ops III,2015/11/5,0,"Treyarch, Aspyr (Mac)","Activision, Aspyr (Mac)","5,000,000 .. 10,000,000",59.99,96.2962963,Call of Duty: Black Ops II,4.99,5.88,0.65,2.52,14.03,PS3
9850,Codename: Panzers - Cold War,2009/5/6,0,"InnoGlow, Stormregion, THQ Nordic",Electronic Arts,"50,000 .. 100,000",14.99,96.2962963,Codename: Panzers Cold War,0,0.02,0,0.01,0.03,PC
606280,Darksiders III,2018/11/27,0,Gunfire Games,THQ Nordic,"1,000,000 .. 2,000,000",39.99,96.2962963,Darksiders II,0.35,0.37,0.01,0.14,0.86,PS3
45740,Dead Rising® 2,2010/9/27,0,Capcom Vancouver,Capcom,"500,000 .. 1,000,000",19.99,96.2962963,Dead Rising 2,0.75,0.53,0.09,0.12,1.5,X360
21000,LEGO® Batman™: The Videogame,2008/9/29,0,Traveller's Tales,Warner Bros. Interactive Entertainment,"500,000 .. 1,000,000",19.99,96.2962963,LEGO Batman: The Videogame,2.03,1.03,0,0.32,3.38,X360
214510,LEGO® The Lord of the Rings™,2012/11/27,0,Traveller's Tales,Warner Bros. Interactive Entertainment,"1,000,000 .. 2,000,000",19.99,96.2962963,LEGO The Lord of the Rings,0.63,0.51,0,0.11,1.26,X360
45750,Lost Planet® 2,2010/10/15,0,"CAPCOM CO., LTD.",Capcom,"200,000 .. 500,000",0,96.2962963,Lost Planet 2,0.29,0.34,0.2,0.13,0.96,PS3
495050,Mega Man Legacy Collection 2,2017/8/8,0,"CAPCOM CO., LTD","CAPCOM CO., LTD","50,000 .. 100,000",19.99,96.2962963,Mega Man Legacy Collection,0.13,0,0.05,0.02,0.2,3DS
743890,Mega Man X Legacy Collection,2018/7/24,0,"CAPCOM CO., LTD","CAPCOM CO., LTD","500,000 .. 1,000,000",19.99,96.2962963,Mega Man Legacy Collection,0.13,0,0.05,0.02,0.2,3DS
17410,Mirror's Edge™,2009/1/14,0,DICE,Electronic Arts,"2,000,000 .. 5,000,000",19.99,96.2962963,Mirror's Edge,0.51,0.51,0.01,0.13,1.17,X360
1262560,Need for Speed™ Most Wanted,2020/6/18,0,Criterion Games,Electronic Arts,"1,000,000 .. 2,000,000",19.99,96.2962963,Need for Speed: Most Wanted,2.03,1.79,0.08,0.47,4.37,PS2
3540,Peggle™ Nights,2008/10/15,0,"PopCap Games, Inc.","PopCap Games, Inc., Electronic Arts","200,000 .. 500,000",4.99,96.2962963,Peggle Nights,0,0.01,0,0,0.02,PC
252950,Rocket League®,N,0,Psyonix LLC,Psyonix LLC,"10,000,000 .. 20,000,000",0,96.2962963,Rocket League,0.02,0.14,0,0.07,0.23,PS4
1295660,Sid Meier's Civilization VII,N,0,Firaxis Games,2K,"0 .. 20,000",69.99,96.2962963,Sid Meier's Civilization V,0.98,0.52,0,0.19,1.69,PC
320690,The Treasures of Montezuma 3,2014/10/16,0,Alawar Entertainment,ESDigital Games,"50,000 .. 100,000",0.99,96.2962963,The Treasures of Montezuma,0.02,0.02,0,0,0.04,DS
301150,The Treasures of Montezuma 4,2014/5/16,0,Alawar Entertainment,ESDigital Games,"20,000 .. 50,000",1.04,96.2962963,The Treasures of Montezuma,0.02,0.02,0,0,0.04,DS
443370,The Treasures of Montezuma 5,2016/3/10,0,"Wellore, Alawar Entertainment",ESDigital Games,"100,000 .. 200,000",1.04,96.2962963,The Treasures of Montezuma,0.02,0.02,0,0,0.04,DS
6080,Thrillville®: Off the Rails™,2009/7/8,0,Frontier,LucasArts,"50,000 .. 100,000",9.99,96.2962963,Thrillville: Off the Rails,0.39,0.02,0,0.03,0.45,Wii
735320,TimeTravelers,2017/11/2,0,Studio Seven,Studio Seven,"0 .. 20,000",3.99,96.2962963,Time Travelers,0,0,0.05,0,0.05,PSV
13630,Tom Clancy's Ghost Recon® Island Thunder™,2008/7/15,0,Red Storm Entertainment,Ubisoft,"20,000 .. 50,000",4.99,96.2962963,Tom Clancy's Ghost Recon: Island Thunder,0.61,0.24,0,0.03,0.87,XB
245490,Trials Fusion™,2014/4/24,0,"RedLynx, in collaboration with  Ubisoft Shanghai, Ubisoft Kiev",Ubisoft,"200,000 .. 500,000",19.99,96.2962963,Trials Fusion,0.13,0.21,0.01,0.08,0.43,PS4
244450,Men of War: Assault Squad 2,2014/5/15,0,Digitalmindsoft,Fulqrum Publishing,"2,000,000 .. 5,000,000",29.99,96.15384615,Men of War: Assault Squad,0.01,0.03,0,0.01,0.05,PC
1152300,Atelier Ayesha: The Alchemist of Dusk DX,2020/1/14,0,"KOEI TECMO GAMES CO., LTD.","KOEI TECMO GAMES CO., LTD.","0 .. 20,000",39.99,96.1038961,Atelier Ayesha: The Alchemist of Dusk,0.06,0.04,0.14,0.02,0.27,PS3
694500,Army Men RTS,2017/12/20,0,Pandemic Studios,2K,"100,000 .. 200,000",5.99,96,Army Men: RTS,0.05,0.04,0,0.01,0.11,PS2
2624360,Ball Breaker,2023/10/23,0,Lua Ludica,Lua Ludica,"0 .. 20,000",3.99,96,Ball Breakers,0.1,0.07,0,0.01,0.18,PS
1137680,Blender Bros,2020/8/25,0,Infogrames,"Piko Interactive LLC, Bleem!","0 .. 20,000",12.99,96,Blender Bros.,0.02,0.01,0,0,0.02,GBA
47780,Dead Space™ 2,N,0,Visceral Games,Electronic Arts,"2,000,000 .. 5,000,000",19.99,96,Dead Space 2,0.94,0.45,0,0.13,1.52,X360
1238060,Dead Space™ 3,2020/6/18,0,Visceral Games,Electronic Arts,"500,000 .. 1,000,000",19.99,96,Dead Space 3,0.44,0.38,0,0.17,1,PS3
425310,Ghostbusters™,2016/7/12,0,FireForge Games,Activision,"0 .. 20,000",0,96,Ghostbusters,0.42,0.03,0,0,0.45,2600
225540,Just Cause™ 3,2015/11/30,0,Avalanche Studios,Square Enix,"2,000,000 .. 5,000,000",2.99,96,Just Cause 3,0.46,1.02,0.07,0.28,1.83,PS4
249130,LEGO® Marvel™ Super Heroes,2013/11/15,0,Traveller's Tales,Warner Bros. Interactive Entertainment,"1,000,000 .. 2,000,000",19.99,96,LEGO Marvel Super Heroes,1.24,0.85,0,0.21,2.3,X360
321960,Might & Magic® Heroes® VII,2015/9/29,0,Limbic Entertainment,Ubisoft,"500,000 .. 1,000,000",29.99,96,Might & Magic Heroes VII,0,0.08,0,0,0.09,PC
34600,Order of War™,2009/9/17,0,Wargaming.net,Square Enix,"100,000 .. 200,000",1.19,96,Order of War,0,0.01,0,0,0.02,PC
2452330,Puzzle World,N,1,N,N,"0 .. 20,000",,96,Puzzler World,0.41,0.3,0,0.07,0.78,DS
24780,SimCity™ 4 Deluxe Edition,2010/7/20,0,"EA - Maxis, Aspyr (Mac)","Electronic Arts, Aspyr (Mac)","1,000,000 .. 2,000,000",19.99,96,SimCity 4: Deluxe Edition,0,0.06,0,0.01,0.07,PC
1039440,Star Fighters,N,1,Orakga,Orakga,"0 .. 20,000",0,96,Star Fighter,0.04,0.02,0,0,0.06,PS
881320,The LEGO Movie 2 Videogame,2019/2/26,0,"TT Games, Feral interactive (Mac)","Warner Bros. Interactive Entertainment, Feral interactive (Mac)","100,000 .. 200,000",29.99,96,The LEGO Movie Videogame,0.69,0.52,0,0.11,1.32,X360
24880,The Saboteur™,2024/3/7,0,Pandemic Studios,Electronic Arts,"100,000 .. 200,000",9.99,96,The Saboteur,0.26,0.21,0,0.05,0.51,X360
235600,Tom Clancy’s Splinter Cell Blacklist,2013/8/22,0,Ubisoft Toronto,Ubisoft,"1,000,000 .. 2,000,000",29.99,95.89041096,Tom Clancy's Splinter Cell: Blacklist,0.57,0.34,0.01,0.08,0.99,X360
9460,Frontlines™: Fuel of War™,2008/2/29,0,Kaos Studios,THQ Nordic,"200,000 .. 500,000",19.99,95.83333333,Frontlines: Fuel of War,0.34,0.15,0.01,0.05,0.56,X360
255260,Pro Cycling Manager 2014,2014/6/19,0,Cyanide Studio,"DeXP, MyLifeGame.RU","20,000 .. 50,000",9.99,95.83333333,Pro Cycling Manager 2016,0,0.04,0,0.01,0.05,PS4
322850,Pro Cycling Manager 2015,2015/6/18,0,Cyanide Studio,Focus Home Interactive,"50,000 .. 100,000",4.99,95.83333333,Pro Cycling Manager 2016,0,0.04,0,0.01,0.05,PS4
525920,Pro Cycling Manager 2017,2017/6/15,0,Cyanide Studio,Focus Entertainment,"100,000 .. 200,000",0.99,95.83333333,Pro Cycling Manager 2016,0,0.04,0,0.01,0.05,PS4
704230,Pro Cycling Manager 2018,2018/6/28,0,Cyanide Studio,Focus Entertainment,"200,000 .. 500,000",14.99,95.83333333,Pro Cycling Manager 2016,0,0.04,0,0.01,0.05,PS4
936140,Pro Cycling Manager 2019,2019/6/27,0,Cyanide Studio,Nacon,"100,000 .. 200,000",9.99,95.83333333,Pro Cycling Manager 2016,0,0.04,0,0.01,0.05,PS4
1453850,Pro Cycling Manager 2021,2021/6/3,0,Cyanide Studio,Nacon,"20,000 .. 50,000",39.99,95.83333333,Pro Cycling Manager 2016,0,0.04,0,0.01,0.05,PS4
258880,Professional Farmer 2014,2013/11/27,0,PlayWay S.A.,United Independent Entertainment,"50,000 .. 100,000",7.99,95.83333333,Professional Farmer 2016,0,0.01,0,0,0.02,PS4
433670,Professional Farmer 2017,2016/3/23,0,VIS-Games,United Independent Entertainment,"20,000 .. 50,000",1.59,95.83333333,Professional Farmer 2016,0,0.01,0,0,0.02,PS4
55110,Red Faction®: Armageddon™,2011/6/6,0,Volition,Deep Silver,"1,000,000 .. 2,000,000",3.99,95.83333333,Red Faction: Armageddon,0.2,0.16,0.03,0.07,0.46,PS3
289650,Assassin's Creed® Unity,2014/11/12,0,Ubisoft,Ubisoft,"2,000,000 .. 5,000,000",29.99,95.65217391,Assassin's Creed: Unity,1.18,1.96,0.08,0.7,3.92,PS4
354380,Assassin’s Creed® Chronicles: China,2015/4/21,0,Climax Studios,Ubisoft Entertainment,"200,000 .. 500,000",9.99,95.65217391,Assassin's Creed Chronicles: China,0,0.03,0,0.01,0.04,PS4
78000,Bejeweled® 3,2010/12/7,0,"PopCap Games, Inc.","PopCap Games, Inc., Electronic Arts","500,000 .. 1,000,000",4.99,95.65217391,Bejeweled 3,0.32,0.02,0,0.03,0.36,DS
858810,Dawn of Man,2019/3/1,0,Madruga Works,Madruga Works,"1,000,000 .. 2,000,000",12.49,95.65217391,Dawn of Mana,0.07,0.05,0.29,0.02,0.43,PS2
1222690,Dragon Age™ Inquisition,2020/6/4,0,BioWare,Electronic Arts,"500,000 .. 1,000,000",39.99,95.65217391,Dragon Age: Inquisition,0.72,0.86,0.08,0.32,1.97,PS4
2490960,Ghost hunter,N,0,N,N,"0 .. 20,000",,95.65217391,Ghosthunter,0.04,0.03,0,0.01,0.09,PS2
42670,Singularity™,2010/6/30,0,Raven Software,Activision,"200,000 .. 500,000",29.99,95.65217391,Singularity,0.24,0.05,0,0.02,0.32,X360
2459270,Space Chimp,2024/9/12,0,Tuga Studios,Tuga Studios,"0 .. 20,000",4.99,95.65217391,Space Chimps,0.06,0.05,0,0.02,0.12,PS2
1189520,Street Hoop,2019/12/31,0,"Digicon, DATA EAST",Digicon,"0 .. 20,000",4.99,95.65217391,Street Hoops,0.45,0.35,0,0.12,0.91,PS2
3272450,Swingularity,N,0,N,N,"0 .. 20,000",,95.65217391,Singularity,0.24,0.05,0,0.02,0.32,X360
638650,Sword Art Online Re: Hollow Fragment,2018/8/20,0,"AQURIA Co., Ltd.",BANDAI NAMCO Entertainment,"100,000 .. 200,000",19.99,95.65217391,Sword Art Online: Hollow Fragment,0,0,0.3,0,0.3,PSV
968690,The Warrior,N,0,KAWAIFU,KAWAIFU,"0 .. 20,000",0,95.65217391,The Warriors,0.44,0.02,0,0.07,0.53,PS2
256330,WRC 4 FIA World Rally Championship,2013/10/25,0,Milestone S.r.l.,Nacon,"200,000 .. 500,000",9.99,95.65217391,WRC 2: FIA World Rally Championship,0,0.13,0,0.04,0.17,PS3
354160,WRC 5 FIA World Rally Championship,2015/10/8,0,KT Racing,Nacon,"50,000 .. 100,000",0.99,95.65217391,WRC 2: FIA World Rally Championship,0,0.13,0,0.04,0.17,PS3
458770,WRC 6 FIA World Rally Championship,2016/10/7,0,KT Racing,Nacon,"50,000 .. 100,000",14.99,95.65217391,WRC 2: FIA World Rally Championship,0,0.13,0,0.04,0.17,PS3
621830,WRC 7 FIA World Rally Championship,2017/9/15,0,KT Racing,Nacon,"500,000 .. 1,000,000",19.99,95.65217391,WRC 2: FIA World Rally Championship,0,0.13,0,0.04,0.17,PS3
1004750,WRC 8 FIA World Rally Championship,2020/9/8,0,KT Racing,Nacon,"200,000 .. 500,000",29.99,95.65217391,WRC 2: FIA World Rally Championship,0,0.13,0,0.04,0.17,PS3
1267540,WRC 9 FIA World Rally Championship,2021/9/16,0,KT Racing,Nacon,"100,000 .. 200,000",29.99,95.65217391,WRC 2: FIA World Rally Championship,0,0.13,0,0.04,0.17,PS3
19800,Brothers in Arms: Earned in Blood™,2008/10/10,0,Gearbox Software,Ubisoft,"100,000 .. 200,000",9.99,95.52238806,Brothers In Arms: Earned in Blood,0.38,0.01,0,0.06,0.46,PS2
24810,Command & Conquer™ 3: Kane’s Wrath,2009/11/13,0,EA Los Angeles,Electronic Arts,"500,000 .. 1,000,000",19.88,95.52238806,Command & Conquer 3: Kane's Wrath,0.16,0.06,0,0.02,0.24,X360
282900,Hyperdimension Neptunia Re;Birth1,2015/1/29,0,"IDEA FACTORY Co., Ltd., COMPILE HEART Co., Ltd., FELISTELLA Co., Ltd.","Idea Factory International, Inc., IDEA FACTORY Co., Ltd.","500,000 .. 1,000,000",14.99,95.52238806,Hyperdimension Neptunia Re;Birth 2,0.05,0.02,0,0.02,0.09,PSV
211780,Conflict Desert Storm™,2012/5/28,0,Pivotal Games,Square Enix,"200,000 .. 500,000",0.97,95.45454545,Conflict: Desert Storm,0.98,0.53,0,0.06,1.57,PS2
464850,Don Bradman Cricket 17,2017/1/16,0,Big Ant Studios,Big Ant Studios,"20,000 .. 50,000",49.99,95.45454545,Don Bradman Cricket 14,0.01,0.09,0,0.02,0.12,PS4
21780,Driver® Parallel Lines,2009/2/13,0,Ubisoft Reflections,"Codemasters, Electronic Arts","100,000 .. 200,000",9.99,95.45454545,Driver: Parallel Lines,0.12,0.1,0.03,0.03,0.28,PS2
836760,Sorcery Saga: Curse of the Great Curry God,2018/6/4,0,Idea Factory,Ghostlight LTD,"0 .. 20,000",19.99,95.45454545,Sorcery Saga: The Curse of the Great Curry God,0,0,0.03,0,0.03,PSV
3007990,Strike Force Commando,2024/7/3,0,Matnogames,Erbe Software,"0 .. 20,000",2.99,95.45454545,Commandos: Strike Force,0.03,0.02,0,0.01,0.06,PS2
374900,Agatha Christie - The ABC Murders,2016/2/4,0,Artefacts Studio,Microids,"200,000 .. 500,000",14.99,95.38461538,Agatha Christie: The ABC Murders,0.08,0.01,0,0.01,0.1,DS
1061730,Super Monkey Ball: Banana Blitz HD,2019/12/10,0,SEGA,SEGA,"50,000 .. 100,000",29.99,95.38461538,Super Monkey Ball: Banana Blitz,1.07,0.92,0.04,0.24,2.27,Wii
226540,The Book of Unwritten Tales: The Critter Chronicles Demo,2012/12/5,1,KING Art,THQ Nordic,"0 .. 20,000",0,95.3271028,The Book of Unwritten Tales: The Critter Chronicles,0,0.05,0,0.01,0.06,PC
1238880,Battlefield™ Hardline,2020/6/11,0,DICE,Electronic Arts,"200,000 .. 500,000",39.99,95.23809524,Battlefield: Hardline,0.7,0.93,0.14,0.32,2.09,PS4
8850,BioShock® 2,2010/2/9,0,"2K Marin, 2K China, Digital Extremes, 2K Australia",2K,"2,000,000 .. 5,000,000",19.99,95.23809524,BioShock 2,1.45,0.55,0.02,0.19,2.21,X360
313480,Blitzkrieg Anthology,2014/9/16,0,Nival,Nival,"200,000 .. 500,000",4.99,95.23809524,Blitzkrieg 2 Anthology,0,0.01,0,0,0.01,PC
50620,Darksiders™,2010/9/23,0,Vigil Games,THQ Nordic,"2,000,000 .. 5,000,000",19.99,95.23809524,Darksiders,0.67,0.29,0.01,0.1,1.06,X360
313160,Farming Simulator 15,2014/10/30,0,Giants Software,Giants Software,"500,000 .. 1,000,000",12.99,95.23809524,Farming Simulator 2015,0.08,1.02,0,0.13,1.23,PC
872790,Football Manager 2019,2018/11/2,0,Sports Interactive,SEGA,"1,000,000 .. 2,000,000",0,95.23809524,Football Manager 2010,0,0.06,0,0.01,0.07,PC
1084980,Front Lines,2019/6/17,1,Marco S Hampel,Firez Studios,"50,000 .. 100,000",0,95.23809524,Front Line,0.22,0.01,0,0,0.24,2600
511740,Gal*Gun: Double Peace,2016/9/27,0,"INTI CREATES CO., LTD.",PQube,"100,000 .. 200,000",29.99,95.23809524,Gal Gun: Double Peace,0,0.02,0.01,0,0.03,PSV
29630,Guild Wars Nightfall®,2009/4/22,0,N,N,"0 .. 20,000",0,95.23809524,Guild Wars: Nightfall,0,0.02,0,0.01,0.03,PC
2322510,Gunslinger,2023/9/23,0,雷氪沉浸,雷氪沉浸,"0 .. 20,000",5.99,95.23809524,Gunslingers,0.08,0.06,0,0.02,0.16,Wii
1729160,Heartseeker,2021/10/5,0,"Chris Farina, Michael Perrotta, Nick Zonak",Chris Farina,"0 .. 20,000",1.99,95.23809524,Heatseeker,0.08,0,0,0.01,0.1,Wii
575490,Let's Draw,2016/12/30,0,Indie Game Group,Indie Game Group,"200,000 .. 500,000",5.99,95.23809524,Let's Draw!,0.24,0.23,0,0.06,0.54,DS
7830,Men of War™,2009/5/6,0,"Best Way, Digitalmindsoft",Fulqrum Publishing,"500,000 .. 1,000,000",4.99,95.23809524,Men of War,0.01,0.02,0,0.01,0.03,PC
3265020,Mental Saga,N,0,N,N,"0 .. 20,000",,95.23809524,Metal Saga,0.01,0.01,0,0,0.03,PS2
878670,Shenmue III,2020/11/19,0,YS Net,Prime Matter,"50,000 .. 100,000",29.99,95.23809524,Shenmue II,0.22,0.08,0,0.01,0.32,XB
47890,The Sims™ 3,2011/1/27,0,The Sims Studio,Electronic Arts,"2,000,000 .. 5,000,000",19.99,95.23809524,The Sims 3,0.98,6.42,0,0.71,8.11,PC
1222670,The Sims™ 4,N,1,Maxis,Electronic Arts,"10,000,000 .. 20,000,000",0,95.23809524,The Sims 4,0.96,1.72,0,0.29,2.97,PC
2172010,Until Dawn™,2024/10/4,0,Ballistic Moon,PlayStation Publishing LLC,"50,000 .. 100,000",59.99,95.23809524,Until Dawn,0.44,0.89,0.05,0.25,1.64,PS4
17480,Command & Conquer™ Red Alert™ 3,2009/1/8,0,EA Los Angeles,Electronic Arts,"1,000,000 .. 2,000,000",19.88,95.08196721,Command & Conquer: Red Alert 3,0.01,0.64,0,0.02,0.67,PC
1041720,Kingdoms of Amalur: Re-Reckoning,2020/9/8,0,"KAIKO, Big Huge Games, 38 Studios",THQ Nordic,"1,000,000 .. 2,000,000",9.99,95.08196721,Kingdoms of Amalur: Reckoning,0.55,0.25,0.01,0.07,0.89,X360
776050,F/A-18E Super Hornet,2023/7/3,0,"Digital Intergration, Digital Theory Ltd.",Interplay Entertainment Corp.,"20,000 .. 50,000",9.99,95,F/A-18F Super Hornet,0.2,0.08,0,0.01,0.28,GBA
29610,Guild Wars Factions®,2009/4/22,0,N,N,"0 .. 20,000",0,95,Guild Wars: Factions,0,0.01,0,0,0.02,PC
1681890,Little League World Series Baseball 2022,2022/8/17,0,IguanaBee,GameMill Entertainment,"0 .. 20,000",49.99,95,Little League World Series Baseball 2010,0.09,0,0,0.01,0.1,X360
1174180,Red Dead Redemption 2,N,0,Rockstar Games,Rockstar Games,"10,000,000 .. 20,000,000",34.99,95,Red Dead Redemption,2.79,2.61,0.17,1.03,6.6,PS3
835960,The Talos Principle 2,2023/11/2,0,Croteam,Devolver Digital,"200,000 .. 500,000",17.99,95,The Talos Principle,0,0.02,0,0,0.02,PS4
58520,Blood Bowl - Legendary Edition,2010/10/28,0,Cyanide Studios,Cyanide Studios,"100,000 .. 200,000",9.99,94.91525424,Blood Bowl: Legendary Edition,0,0.01,0,0,0.02,PC
2114790,AIdventure,2022/9/12,0,Lyaaaaa Games,Lyaaaaa Games,"50,000 .. 100,000",12,94.73684211,Adventure,1.21,0.08,0,0.01,1.3,2600
10680,Aliens vs. Predator™,2010/2/16,0,Rebellion,SEGA,"1,000,000 .. 2,000,000",14.99,94.73684211,Aliens vs Predator,0.55,0.4,0,0.11,1.06,X360
48240,Anno 2070™,2011/11/17,0,"Blue Byte, Related Designs",Ubisoft,"500,000 .. 1,000,000",19.99,94.73684211,Anno 2070,0,1.13,0,0.32,1.45,PC
375910,Anno 2205™,2015/11/2,0,Blue Byte,Ubisoft,"1,000,000 .. 2,000,000",39.99,94.73684211,Anno 2205,0.02,0.22,0,0.01,0.25,PC
1815170,Asteroides,2022/1/11,1,Verrua Giuseppe,bit ManiaX,"0 .. 20,000",0,94.73684211,Asteroids,4,0.26,0,0.05,4.31,2600
518620,Ballistick,2016/10/14,0,Bomb Shelter Games,Bomb Shelter Games,"50,000 .. 100,000",1.99,94.73684211,Ballistic,0.02,0.01,0,0,0.04,PS
813450,Barbearian,2018/8/14,0,Kimmo Lahtinen,Kimmo Factor Oy,"0 .. 20,000",12.99,94.73684211,Barbarian,0.07,0.06,0,0.02,0.14,PS2
269490,Bardbarian,2014/4/1,0,TreeFortress Games,TreeFortress Games,"100,000 .. 200,000",7.99,94.73684211,Barbarian,0.07,0.06,0,0.02,0.14,PS2
225080,Brothers - A Tale of Two Sons,2013/9/3,0,Starbreeze Studios AB,505 Games,"1,000,000 .. 2,000,000",14.99,94.73684211,Brothers: A Tale of Two Sons,0.03,0.08,0,0.02,0.13,PS4
517810,Caesar™ IV,2016/8/29,0,"Tilted Mill Entertainment, Inc.",Activision,"100,000 .. 200,000",9.99,94.73684211,Caesar IV,0,0.03,0,0.01,0.04,PC
15270,Cold Fear™,2008/5/13,0,Darkworks,Ubisoft,"50,000 .. 100,000",9.99,94.73684211,Cold Fear,0.06,0.04,0,0.01,0.11,PS2
19900,Far Cry® 2,2008/10/22,0,Ubisoft Montreal,Ubisoft,"1,000,000 .. 2,000,000",9.99,94.73684211,Far Cry 2,0.71,0.69,0.02,0.18,1.6,X360
298110,Far Cry® 4,N,0,"Ubisoft Montreal, Red Storm, Shanghai, Toronto, Kiev",Ubisoft,"2,000,000 .. 5,000,000",29.99,94.73684211,Far Cry 4,1.12,2.12,0.1,0.69,4.03,PS4
2726900,Frostbiter,N,0,N,N,"0 .. 20,000",,94.73684211,Frostbite,0.32,0.02,0,0,0.34,2600
2834910,Rocksmith+,2024/6/6,1,N,N,"0 .. 20,000",,94.73684211,Rocksmith,0.52,0.38,0.09,0.17,1.16,PS3
16022,Samantha Swift and the Hidden Roses of Athena Demo,2008/10/31,1,MumboJumbo,MumboJumbo,"0 .. 20,000",0,94.73684211,Samantha Swift and the Hidden Roses of Athena,0.04,0.01,0,0,0.05,DS
1192890,Shoot Them,2019/12/3,0,Cтрельба,Cтрельба,"0 .. 20,000",2.99,94.73684211,The Shoot,0.13,0.16,0.01,0.06,0.35,PS3
611670,The Elder Scrolls V: Skyrim VR,2018/4/2,0,Bethesda Game Studios,Bethesda Softworks,"1,000,000 .. 2,000,000",59.99,94.73684211,The Elder Scrolls V: Skyrim,5.03,2.86,0.1,0.85,8.84,X360
10130,TimeShift™,2009/7/23,0,Saber Interactive,Activision,"100,000 .. 200,000",19.99,94.73684211,TimeShift,0.36,0.02,0,0.03,0.41,X360
836850,Tiny Tanks,2019/4/11,0,LeadFollow Games,LeadFollow Games,"20,000 .. 50,000",9.99,94.73684211,Tiny Tank,0.19,0.13,0,0.02,0.34,PS
1454050,Tour de France 2021,2021/6/3,0,Cyanide Studio,Nacon,"0 .. 20,000",39.99,94.73684211,Tour de France 2011,0,0.05,0,0.01,0.05,X360
1369370,Combat Mission Shock Force 2,2020/8/31,0,Battlefront,Slitherine Ltd.,"20,000 .. 50,000",59.99,94.54545455,Combat Mission: Shock Force,0,0.03,0,0.01,0.03,PC
3710,Judge Dredd: Dredd vs. Death,2009/3/26,0,Rebellion,Rebellion,"100,000 .. 200,000",7.99,94.54545455,Judge Dredd: Dredd Vs Death,0.01,0.01,0,0,0.03,PS2
15750,Oddworld: Stranger's Wrath HD,2010/12/20,0,Oddworld Inhabitants,Oddworld Inhabitants,"200,000 .. 500,000",9.99,94.54545455,Oddworld: Stranger's Wrath,0.19,0.06,0,0.01,0.26,XB
1677280,Company of Heroes 3,2023/2/23,0,Relic Entertainment,SEGA,"500,000 .. 1,000,000",59.99,94.44444444,Company of Heroes,0,0.04,0,0.01,0.05,PC
805400,Mahjong Solitaire,2018/5/11,0,Albireo Games,Albireo Games,"20,000 .. 50,000",1.99,94.44444444,Solitaire & Mahjong,0.11,0,0,0.01,0.12,Wii
58550,A Game of Thrones - Genesis,2011/9/28,0,Cyanide Studios,1C-SoftClub,"100,000 .. 200,000",9.99,94.33962264,A Game of Thrones: Genesis,0,0.03,0,0.01,0.04,PC
1462810,WRC 10 FIA World Rally Championship,2021/9/2,0,KT Racing,Nacon,"100,000 .. 200,000",49.99,94.28571429,WRC 2: FIA World Rally Championship,0,0.13,0,0.04,0.17,PS3
1375450,7 Roses - A Darkness Rises,2020/8/1,0,Dragons Eye Studio,HH-Games,"20,000 .. 50,000",5.99,94.11764706,7 Roses: A Darkness Rises,0,0.02,0,0,0.02,PC
33230,Assassin's Creed 2,2010/3/4,0,Ubisoft Montreal,Ubisoft,"2,000,000 .. 5,000,000",19.99,94.11764706,Assassin's Creed,3.28,1.65,0.07,0.55,5.55,X360
2020850,Asteroid,2022/8/26,1,N,N,"0 .. 20,000",,94.11764706,Asteroids,4,0.26,0,0.05,4.31,2600
1984610,Barbaria,2023/2/9,0,"Stalwart Games, LLC","Stalwart Games, LLC","0 .. 20,000",19.99,94.11764706,Barbarian,0.07,0.06,0,0.02,0.14,PS2
3350,Bejeweled Deluxe,2006/8/30,0,"PopCap Games, Inc.","PopCap Games, Inc., Electronic Arts","50,000 .. 100,000",4.99,94.11764706,Bejeweled 2 Deluxe,0,0.02,0,0,0.02,PC
7670,BioShock™,N,0,"2K Boston, 2K Australia",2K,"2,000,000 .. 5,000,000",19.99,94.11764706,BioShock,1.65,0.86,0.05,0.28,2.83,X360
225420,Cities in Motion 2,2013/4/2,0,Colossal Order Ltd.,Paradox Interactive,"500,000 .. 1,000,000",19.99,94.11764706,Cities in Motion,0,0.04,0,0.01,0.05,PC
1282690,Crysis® 3,2020/6/4,0,Crytek,Electronic Arts,"500,000 .. 1,000,000",0,94.11764706,Crysis 3,0.51,0.33,0.01,0.08,0.92,X360
1698810,Fractured,2022/4/14,0,Suttle Games LLC,Suttle Games LLC,"0 .. 20,000",0.99,94.11764706,Fracture,0.15,0.14,0,0.04,0.33,X360
39500,Gothic® 3,2009/12/2,0,Piranha Bytes,THQ Nordic,"1,000,000 .. 2,000,000",9.99,94.11764706,Gothic 3,0,0.05,0,0.01,0.06,PC
22450,Hunted: The Demon’s Forge™,2011/6/2,0,inXile Entertainment,Bethesda Softworks,"200,000 .. 500,000",4.99,94.11764706,Hunted: The Demon's Forge,0.12,0.08,0.02,0.04,0.26,PS3
647830,LEGO® Marvel Super Heroes 2,2017/11/14,0,"TT Games, Feral Interactive (Mac)","Warner Bros. Interactive, Feral Interactive (Mac)","500,000 .. 1,000,000",19.99,94.11764706,LEGO Marvel Super Heroes,1.24,0.85,0,0.21,2.3,X360
208520,Omerta - City of Gangsters,2013/1/31,0,Haemimont Games,Kalypso Media Digital,"200,000 .. 500,000",14.99,94.11764706,Omerta: City of Gangsters,0.52,0.46,0,0.17,1.15,PS3
11450,Overlord™,2007/10/26,0,Triumph Studios,"Codemasters, Electronic Arts","500,000 .. 1,000,000",4.99,94.11764706,Overlord,0.34,0.03,0.01,0.03,0.4,X360
1257610,Prison Architect 2,N,0,"Double Eleven, Kokku",Paradox Interactive,"0 .. 20,000",39.99,94.11764706,Prison Architect,0.01,0.01,0,0,0.02,PS4
1333700,Real Heroes: Firefighter HD,2021/1/21,0,"Epicenter Studios, Scientifically Proven",Ziggurat,"0 .. 20,000",14.99,94.11764706,Real Heroes: Firefighter,0.56,0.04,0,0.05,0.65,Wii
1869880,SlingStar,2022/1/27,1,N,N,"0 .. 20,000",,94.11764706,SingStar,0,1.37,0,0.49,1.86,PS2
2764340,Summoneer,2024/4/8,0,Magnus Dorra,Magnus Dorra,"0 .. 20,000",6.99,94.11764706,Summoner,0.25,0.2,0,0.07,0.51,PS2
2563120,Survivors,2023/9/21,1,N,N,"0 .. 20,000",,94.11764706,Survivor,0.01,0,0,0,0.01,Wii
10460,The Club™,2008/2/20,0,Bizarre Creations,SEGA,"50,000 .. 100,000",14.99,94.11764706,The Club,0.15,0.1,0,0.02,0.27,X360
1455630,The Game of Life 2,2020/12/11,0,Marmalade Game Studio Ltd,Marmalade Game Studio Ltd,"200,000 .. 500,000",12.49,94.11764706,The Game of Life,0.46,0.31,0,0.05,0.83,PS
267530,The LEGO® Movie - Videogame,2014/2/27,0,"TT Fusion, Traveller's Tales",Warner Bros. Interactive Entertainment,"200,000 .. 500,000",19.99,94.11764706,The LEGO Movie Videogame,0.69,0.52,0,0.11,1.32,X360
365590,Tom Clancy’s The Division™,2016/3/7,0,Massive Entertainment,Ubisoft,"2,000,000 .. 5,000,000",29.99,94.11764706,Tom Clancy's The Division,1.28,1.61,0.15,0.57,3.61,PS4
21030,Watchmen: The End is Nigh Part 2,2009/7/29,0,Deadline Games,Warner Bros. Games,"20,000 .. 50,000",4.99,94.11764706,Watchmen: The End is Nigh Part 1 & 2,0.09,0,0,0.01,0.1,X360
2933620,Call of Duty®: Black Ops 6,N,0,"Treyarch, Raven Software, Beenox, High Moon Studios, Activision Shanghai, Sledgehammer Games, Infinity Ward, Demonware",Activision,"0 .. 20,000",69.99,93.87755102,Call of Duty: Black Ops,9.67,3.73,0.11,1.13,14.64,X360
204030,Fable - The Lost Chapters,2011/12/19,0,Lionhead Studios,Xbox Game Studios,"500,000 .. 1,000,000",9.99,93.87755102,Fable: The Lost Chapters,0.01,0.05,0,0.01,0.07,PC
322610,Sid Meier's Civilization: Beyond Earth Demo,2014/10/24,1,Firaxis Games,N,"0 .. 20,000",0,93.82716049,Sid Meier's Civilization: Beyond Earth,0.11,0.22,0,0.03,0.37,PC
515180,Bus Simulator 18,2018/6/13,0,stillalive studios,astragon Entertainment,"500,000 .. 1,000,000",24.99,93.75,Bus Simulator 16,0,0.02,0,0,0.02,PC
285160,LEGO® The Hobbit™,N,0,"Traveller's Tales, Feral Interactive (Mac)","Warner Bros. Interactive Entertainment, Feral Interactive (Mac)","1,000,000 .. 2,000,000",19.99,93.75,LEGO The Hobbit,0.12,0.37,0,0.1,0.6,PS4
532210,Life is Strange 2,2018/9/26,1,"DONTNOD Entertainment, Feral Interactive (Mac), Feral Interactive (Linux)","Square Enix, Feral Interactive (Mac), Feral Interactive (Linux)","10,000,000 .. 20,000,000",31.96,93.75,Life is Strange,0.14,0.15,0.03,0.06,0.37,PS4
876220,Moss Destruction,2019/3/1,0,Shotgun with Glitters,Shotgun with Glitters,"0 .. 20,000",1.99,93.75,Mass Destruction,0.06,0.04,0,0.01,0.11,PS
724250,Princess Maker 5,2018/5/4,0,"CFK Co., Ltd.",Bliss Brain,"50,000 .. 100,000",29.99,93.75,Princess Maker 2,0,0,0.08,0,0.08,SAT
71165,Streets of Rage 2,2011/1/26,0,SEGA,SEGA,"20,000 .. 50,000",0.99,93.75,Streets of Rage,1.86,0.55,0.11,0.08,2.6,GEN
985890,Streets of Rage 4,2020/4/30,0,"Dotemu, Guard Crush, Lizardcube",Dotemu,"500,000 .. 1,000,000",24.99,93.75,Streets of Rage,1.86,0.55,0.11,0.08,2.6,GEN
702700,Super Bomberman R,2018/6/12,0,KONAMI,KONAMI,"20,000 .. 50,000",39.99,93.75,Super Bomberman,0,0,0.57,0,0.57,SNES
601430,The Evil Within 2,2017/10/12,0,Tango Gameworks,Bethesda Softworks,"1,000,000 .. 2,000,000",39.99,93.75,The Evil Within,0.55,0.84,0.11,0.31,1.81,PS4
1229000,The Legend of Heroes: Trails of Cold Steel III Demo,2020/3/9,1,"Nihon Falcom, Engine Software BV, PH3 GmbH","NIS America, Inc.","0 .. 20,000",0,93.75,The Legend of Heroes: Trails of Cold Steel II,0.02,0,0.13,0.01,0.15,PSV
1297820,Treasure Hunter,N,1,N,N,"0 .. 20,000",,93.75,Treasure Hunter G,0,0,0.2,0,0.2,SNES
586200,Street Fighter 30th Anniversary Collection,2018/5/29,0,Digital Eclipse,"Capcom U.S.A, Inc.","200,000 .. 500,000",29.99,93.67088608,Street Fighter Anniversary Collection,0.32,0.25,0,0.08,0.66,PS2
380750,Anima: Gate of Memories,2016/6/2,0,Anima Project,Anima Publishing,"100,000 .. 200,000",19.99,93.61702128,Anima - Gate of Memories,0,0.02,0,0,0.02,PS4
238750,Might & Magic X - Legacy,2014/1/23,0,Ubisoft,Ubisoft,"200,000 .. 500,000",29.99,93.61702128,Might & Magic X: Legacy,0,0.03,0,0,0.04,PC
1575940,Sins of a Solar Empire II,2024/8/15,0,"Ironclad Games Corporation, Stardock Entertainment",Stardock Entertainment,"100,000 .. 200,000",49.99,93.61702128,Sins of a Solar Empire,0,0.02,0,0.01,0.03,PC
241930,Middle-earth™: Shadow of Mordor™,N,0,Monolith Productions,"Warner Bros. Interactive Entertainment, Warner Bros. Games","5,000,000 .. 10,000,000",19.99,93.5483871,Middle-Earth: Shadow of Mordor,1.01,1.41,0.05,0.53,2.99,PS4
2067140,AirRaid,2022/9/30,0,Pilea Development LLC,Pilea Development LLC,"0 .. 20,000",0.99,93.33333333,Air Raid,0.72,0.04,0,0.01,0.77,2600
3145050,Blow Out,N,0,N,N,"0 .. 20,000",,93.33333333,BlowOut,0.11,0.09,0,0.03,0.23,PS2
3022680,Book of Spells 2,2024/6/23,0,Hardi,Hardi,"0 .. 20,000",39.99,93.33333333,Book of Spells,0.13,0.4,0,0.16,0.7,PS3
730,Counter-Strike 2,N,1,Valve,Valve,"100,000,000 .. 200,000,000",0,93.33333333,Counter-Strike,0.85,0.23,0,0.04,1.11,XB
18400,Crazy Machines 2,2008/6/20,0,Fakt Software,Viva Media,"100,000 .. 200,000",9.99,93.33333333,Crazy Machines,0,0.03,0,0,0.04,DS
351920,Crazy Machines 3,2016/10/18,0,Fakt Software,Daedalic Entertainment,"500,000 .. 1,000,000",0.99,93.33333333,Crazy Machines,0,0.03,0,0,0.04,DS
17330,Crysis Warhead®,2008/9/17,0,Crytek,Electronic Arts,"1,000,000 .. 2,000,000",19.99,93.33333333,Crysis: Warhead,0,0.02,0,0,0.02,PC
2054970,Dragon's Dogma 2,2024/3/21,0,"CAPCOM Co., Ltd.","CAPCOM Co., Ltd.","2,000,000 .. 5,000,000",69.99,93.33333333,Dragon's Dogma,0.41,0.46,0.72,0.19,1.78,PS3
13520,Far Cry®,2008/4/1,0,Crytek Studios,Ubisoft,"2,000,000 .. 5,000,000",2.99,93.33333333,Far Cry,0,0.04,0,0.01,0.05,PC
371660,Far Cry® Primal,2016/2/29,0,Ubisoft,Ubisoft,"1,000,000 .. 2,000,000",29.99,93.33333333,Far Cry: Primal,0.59,1.16,0.06,0.33,2.13,PS4
780210,Freeways,2018/2/6,0,Captain Games,Captain Games,"100,000 .. 200,000",3.99,93.33333333,Freeway,0.32,0.02,0,0,0.34,2600
850190,Goat Simulator 3,2024/2/15,0,Coffee Stain North,Coffee Stain Publishing,"100,000 .. 200,000",29.99,93.33333333,Goat Simulator,0,0.01,0,0,0.01,XOne
286730,Gunship!,2014/7/11,0,Microprose,Atari,"0 .. 20,000",5.24,93.33333333,Gunship,0.15,0.1,0,0.02,0.27,PS
994310,Let's Sing 2019,2019/7/15,0,Voxler,Ravenscourt,"0 .. 20,000",29.99,93.33333333,Let's Sing 2016,0.02,0,0,0.01,0.03,PS4
1919590,NBA 2K23,2022/9/8,0,Visual Concepts,2K,"1,000,000 .. 2,000,000",59.99,93.33333333,NBA 2K2,0.59,0.46,0.01,0.15,1.22,PS2
2338770,NBA 2K24,2023/9/7,0,Visual Concepts,2K,"1,000,000 .. 2,000,000",59.99,93.33333333,NBA 2K2,0.59,0.46,0.01,0.15,1.22,PS2
2878980,NBA 2K25,2024/9/3,0,Visual Concepts,2K,"100,000 .. 200,000",48.99,93.33333333,NBA 2K2,0.59,0.46,0.01,0.15,1.22,PS2
31970,Nancy Drew®: The White Wolf of Icicle Creek Demo,2009/7/3,1,Her Interactive,Her Interactive,"0 .. 20,000",0,93.33333333,Nancy Drew: The White Wolf of Icicle Creek,0.14,0,0,0.01,0.15,Wii
1744330,No More Heroes 3,2022/10/11,0,GRASSHOPPER MANUFACTURE INC.,"XSEED Games, Marvelous USA, Inc., Marvelous","20,000 .. 50,000",39.99,93.33333333,No More Heroes,0.3,0.17,0.04,0.05,0.57,Wii
12890,Operation Flashpoint: Dragon Rising Demo,2009/11/16,1,Codemasters Studios,Codemasters ,"0 .. 20,000",0,93.33333333,Operation Flashpoint: Dragon Rising,0.36,0.45,0.02,0.1,0.93,X360
1631960,ReactorX,2023/6/2,0,Lovixsama,Xitilon,"0 .. 20,000",4.99,93.33333333,Reactor,0.21,0.01,0,0,0.22,2600
1680000,Rewrite+,2021/12/17,0,VisualArts/Key,Sekai Project,"0 .. 20,000",49.99,93.33333333,Rewrite,0,0,0.01,0,0.01,PSV
1683390,Shifter,N,0,N,N,"0 .. 20,000",,93.33333333,Shifters,0.03,0.02,0,0.01,0.05,PS2
1018080,Sneaker,2019/10/30,0,Threebeak,Threebeak,"0 .. 20,000",11.99,93.33333333,Sneakers,0.07,0.02,0,0,0.1,XB
1340720,State of Decay 3,N,0,N,N,"0 .. 20,000",,93.33333333,State of Decay,0.14,0.05,0,0.02,0.2,XOne
1941410,The Cub,2024/1/19,0,Demagog Studio,"Untold Tales, Gamersky Games","20,000 .. 50,000",7.49,93.33333333,The Cube,0,0.04,0,0,0.04,Wii
1024980,Tornado!,2019/5/22,1,"Aleksander Vargas, True Nightmare, Gummi Space Jam",True Nightmare,"0 .. 20,000",0,93.33333333,Tornado,0.07,0,0,0,0.07,DS
1059000,Vertigo!,2019/5/2,0,KR Games,Star Consult S.r.l.,"0 .. 20,000",4.99,93.33333333,Vertigo,0.05,0,0,0,0.05,Wii
304350,Wildlife Park 2,2014/7/17,0,b-alive gmbh,b-alive gmbh,"100,000 .. 200,000",6.99,93.33333333,Wildlife Park 3,0,0.07,0,0.02,0.08,PC
1868510,Wordish,2022/1/25,0,Dragon Slumber,Dragon Slumber,"0 .. 20,000",3.99,93.33333333,Wordfish,0.07,0,0,0.01,0.08,DS
11190,Sherlock Holmes versus Jack the Ripper,2009/12/23,0,Frogwares,Frogwares,"100,000 .. 200,000",9.99,93.15068493,Sherlock Holmes vs. Jack the Ripper,0.11,0.04,0,0.01,0.16,X360
48190,Assassin’s Creed® Brotherhood,2011/3/17,0,Ubisoft Montreal,Ubisoft,"1,000,000 .. 2,000,000",19.99,93.10344828,Assassin's Creed: Brotherhood,2.84,0.39,0.03,0.24,3.5,X360
368070,Sniper Ghost Warrior 3,2017/4/24,0,CI Games,CI Games,"1,000,000 .. 2,000,000",19.99,93.02325581,Sniper: Ghost Warrior,0.54,0.51,0,0.12,1.16,X360
594570,Total War: WARHAMMER II,2017/9/28,0,"CREATIVE ASSEMBLY, Feral Interactive (Mac), Feral Interactive (Linux)","SEGA, Feral Interactive (Mac), Feral Interactive (Linux)","5,000,000 .. 10,000,000",59.99,93.02325581,Total War: WARHAMMER,0,0.1,0,0.01,0.1,PC
262940,Broken Sword 5 - the Serpent's Curse,2013/12/4,0,Revolution Software Ltd,Revolution Software Ltd,"200,000 .. 500,000",24.99,92.95774648,Broken Sword 5: The Serpent's Curse,0,0.06,0,0.01,0.06,PS4
1123640,Balloon Fighter,2019/10/1,0,Quizony.com,Quizony.com,"0 .. 20,000",5.99,92.85714286,Balloon Fight,0.39,0.09,0.43,0.01,0.92,NES
2224600,Boat Simulator,2022/12/16,0,Best Ride Simulators,Lunaria Games S.L,"0 .. 20,000",9.99,92.85714286,Goat Simulator,0,0.01,0,0,0.01,XOne
601150,Devil May Cry 5,2019/3/7,0,"CAPCOM Co., Ltd.","CAPCOM Co., Ltd.","5,000,000 .. 10,000,000",29.99,92.85714286,Devil May Cry,1.36,0.86,0.64,0.13,2.99,PS2
286880,Disney Planes,2014/10/6,0,Behaviour Interactive,Disney,"20,000 .. 50,000",19.99,92.85714286,Disney's Planes,0.13,0.1,0,0.02,0.25,DS
260930,Emergency 2014,2013/11/15,0,Sixteen Tons Entertainment,Sixteen Tons Entertainment,"50,000 .. 100,000",9.99,92.85714286,Emergency 2012,0.01,0.04,0,0.01,0.07,PC
2953710,Extermination 1,N,0,N,N,"0 .. 20,000",,92.85714286,Extermination,0.21,0.16,0.12,0.05,0.55,PS2
1293830,Forza Horizon 4,2021/3/9,0,Playground Games,Xbox Game Studios,"5,000,000 .. 10,000,000",11.99,92.85714286,Forza Horizon,0.82,0.98,0.04,0.18,2.02,X360
1551360,Forza Horizon 5,2021/11/8,0,Playground Games,Xbox Game Studios,"5,000,000 .. 10,000,000",59.99,92.85714286,Forza Horizon,0.82,0.98,0.04,0.18,2.02,X360
2865220,Haunted House 2,N,0,N,N,"0 .. 20,000",,92.85714286,Haunted House,0.13,0,0,0.01,0.14,Wii
1113070,Jail Simulator,N,0,N,N,"0 .. 20,000",,92.85714286,Rail Simulator,0,0.01,0,0,0.01,PC
308330,Lost Chronicles of Zerzura,2014/7/10,0,Cranberry Production,Viva Media,"20,000 .. 50,000",9.99,92.85714286,The Lost Chronicles of Zerzura,0,0.05,0,0.01,0.06,PC
743900,Mega Man X Legacy Collection 2,2018/7/24,0,"CAPCOM CO., LTD","CAPCOM CO., LTD","100,000 .. 200,000",19.99,92.85714286,Mega Man Legacy Collection,0.13,0,0.05,0.02,0.2,3DS
1971870,Mortal Kombat 1,N,0,"NetherRealm Studios, QLOC",Warner Bros. Games,"500,000 .. 1,000,000",49.99,92.85714286,Mortal Kombat,1.98,0.55,0,0.32,2.85,PS3
297310,Pro Wrestling X,2014/11/18,0,Wrestling Gamers United,Wrestling Gamers United,"20,000 .. 50,000",9.99,92.85714286,Pro Wrestling,0.77,0.18,1.42,0.03,2.4,NES
1380410,Puzzle Quest 3,2023/5/30,1,N,N,"0 .. 20,000",,92.85714286,Puzzle Quest 2,0.11,0,0,0.01,0.12,DS
339340,Resident Evil 0,2016/1/19,0,"CAPCOM Co., Ltd.","CAPCOM Co., Ltd.","1,000,000 .. 2,000,000",19.99,92.85714286,Resident Evil,2.05,1.16,1.11,0.73,5.05,PS
952060,Resident Evil 3,2020/4/2,0,"CAPCOM Co., Ltd.","CAPCOM Co., Ltd.","2,000,000 .. 5,000,000",39.99,92.85714286,Resident Evil,2.05,1.16,1.11,0.73,5.05,PS
1702330,Rune Factory 5,2022/7/13,0,Marvelous Inc.,"XSEED Games, Marvelous USA, Inc., Marvelous","50,000 .. 100,000",39.99,92.85714286,Rune Factory 4,0.31,0,0.21,0.03,0.55,3DS
3222190,The Last Storm,N,0,N,N,"0 .. 20,000",,92.85714286,The Last Story,0.32,0.13,0.18,0.04,0.68,Wii
311840,Wildlife Park,2015/4/1,0,b-alive gmbh,b-alive gmbh,"0 .. 20,000",6.99,92.85714286,Wildlife Park 3,0,0.07,0,0.02,0.08,PC
927380,Yakuza Kiwami 2,2019/5/9,0,Ryu Ga Gotoku Studio,SEGA,"500,000 .. 1,000,000",19.99,92.85714286,Yakuza Kiwami,0,0,0.16,0,0.16,PS4
221660, Edna & Harvey: Harvey's New Eyes Demo,2012/10/16,1,Daedalic Entertainment,Daedalic Entertainment,"0 .. 20,000",0,92.75362319,Edna & Harvey: Harvey's New Eyes,0,0.07,0,0.01,0.09,PC
423670,Agatha Christie: The ABC Murders Demo,2016/6/9,1,Artefacts Studio,Microids,"0 .. 20,000",0,92.75362319,Agatha Christie: The ABC Murders,0.08,0.01,0,0.01,0.1,DS
32440,LEGO® Star Wars™ - The Complete Saga,2009/11/12,0,Traveller's Tales,"LucasArts, Lucasfilm, Disney","1,000,000 .. 2,000,000",19.99,92.75362319,LEGO Star Wars: The Complete Saga,3.66,1.63,0,0.53,5.83,Wii
208480,Assassin’s Creed® III,2012/11/20,0,Ubisoft Montreal,Ubisoft,"200,000 .. 500,000",0,92.68292683,Assassin's Creed III,2.64,2.56,0.16,1.14,6.5,PS3
249230,Risen 3 - Titan Lords,2014/8/13,0,Piranha Bytes,THQ Nordic,"500,000 .. 1,000,000",14.99,92.68292683,Risen 3: Titan Lords,0.02,0.06,0,0.02,0.1,PS3
552440,The Talos Principle VR,2017/10/17,0,Croteam VR,"Devolver Digital, Croteam Publishing","50,000 .. 100,000",29.99,92.68292683,The Talos Principle,0,0.02,0,0,0.02,PS4
242960,Blood Omen 2: Legacy of Kain,2013/9/24,0,N,Crystal Dynamics,"200,000 .. 500,000",6.99,92.59259259,Blood Omen: Legacy of Kain,0.25,0.17,0,0.03,0.44,PS
289070,Sid Meier’s Civilization® VI,2016/10/20,0,"Firaxis Games, Aspyr (Mac), Aspyr (Linux)","2K, Aspyr (Mac), Aspyr (Linux)","5,000,000 .. 10,000,000",5.99,92.59259259,Sid Meier's Civilization V,0.98,0.52,0,0.19,1.69,PC
22150,Europa Universalis III Complete Demo,2009/2/15,1,Paradox Interactive,Paradox Interactive,"0 .. 20,000",0,92.53731343,Europa Universalis III Complete,0,0.02,0,0,0.02,PC
32770,Joint Operations: Combined Arms Gold,2009/9/29,0,NovaLogic,"NovaLogic, THQ Nordic","20,000 .. 50,000",19.99,92.53731343,Joint Operations: Combined Arms,0.01,0,0,0,0.02,PC
282530,Castlevania: Lords of Shadow – Mirror of Fate HD,2014/3/27,0,MercurySteam,KONAMI,"100,000 .. 200,000",2.99,92.47311828,Castlevania: Lords of Shadow - Mirror of Fate,0.04,0.07,0.03,0.01,0.15,3DS
2205130,5 Days,2022/11/23,0,Inspiring Games,Inspiring Games,"0 .. 20,000",7.99,92.30769231,15 Days,0,0.01,0,0,0.01,PC
581300,Black Mirror,2017/11/28,0,KING Art,THQ Nordic,"100,000 .. 200,000",29.99,92.30769231,Black Mirror 2,0,0.04,0,0.01,0.05,PC
1427890,Blaston,2020/12/15,1,Resolution Games,Resolution Games,"20,000 .. 50,000",0,92.30769231,Blasto,0.2,0.13,0,0.02,0.35,PS
300160,Bridge!,2015/10/28,0,toxtronyx interactive GmbH,Aerosoft GmbH,"20,000 .. 50,000",4.99,92.30769231,Bridge,0.25,0.02,0,0,0.27,2600
33290,Call of Juarez: Bound in Blood Demo,2009/8/13,1,Techland,Ubisoft,"0 .. 20,000",0,92.30769231,Call of Juarez: Bound in Blood,0.35,0.38,0.01,0.16,0.89,PS3
3061430,Caspers,N,0,N,N,"0 .. 20,000",,92.30769231,Casper,0.46,0.31,0,0.05,0.83,PS
1556650,Castle of Shikigami 2,2021/12/6,0,"Cosmo Machia, Alfa System",KOMODO,"0 .. 20,000",19.99,92.30769231,Castle Shikigami 2,0.01,0.01,0,0,0.02,PS2
273130,Castlevania: Lords of Shadow 2 Demo,2014/2/11,1,MercurySteam,Konami Digital Entertainment,"0 .. 20,000",0,92.30769231,Castlevania: Lords of Shadow 2,0.03,0.13,0.02,0.04,0.22,PS3
2837840,Endless ocean,2024/3/4,0,wang huimin,wang huimin,"0 .. 20,000",0.99,92.30769231,Endless Ocean,0.44,0.47,0.09,0.09,1.09,Wii
2292870,Eternal Rising,N,0,N,N,"0 .. 20,000",,92.30769231,Eternal Ring,0.1,0.07,0.1,0.03,0.3,PS2
1544700,Evolver,N,1,N,N,"0 .. 20,000",,92.30769231,Evolve,0.35,0.41,0.05,0.15,0.95,PS4
1971230,Ghost Trick: Phantom Detective Demo,2023/6/12,1,N,N,"0 .. 20,000",,92.30769231,Ghost Trick: Phantom Detective,0.2,0.08,0.12,0.03,0.42,DS
1400680,Impossible Mission II,2020/9/11,0,"Epyx, Inc.",Pixel Games UK,"200,000 .. 500,000",4.99,92.30769231,Impossible Mission,0.12,0,0,0.01,0.13,DS
1287310,Juiced!,2020/4/23,0,Timothy van der Hoeven,Timothy van der Hoeven,"0 .. 20,000",1.99,92.30769231,Juiced,0.26,0.2,0,0.07,0.53,PS2
2612660,Kamaitachi no Yoru x3,2024/9/18,0,"Spike Chunsoft Co., Ltd.","Spike Chunsoft Co., Ltd.","0 .. 20,000",29.99,92.30769231,Kamaitachi no Yoru,0,0,0.81,0,0.81,SNES
395560,Lost Horizon 2,2015/10/1,0,Animation Arts GmbH,Ravenscourt,"50,000 .. 100,000",14.99,92.30769231,Lost Horizon,0,0.1,0,0.02,0.12,PC
1239520,Madden NFL 21,2020/8/28,0,Electronic Arts,Electronic Arts,"200,000 .. 500,000",0,92.30769231,Madden NFL 10,2.52,0.09,0,0.22,2.83,X360
754760,Meteors,2017/12/27,0,Bryan Baumeister,Bryan Baumeister,"0 .. 20,000",0.99,92.30769231,Meteos,0.15,0.01,0.06,0.01,0.23,DS
1965170,Polars,N,0,N,N,"0 .. 20,000",,92.30769231,Polaris,0.26,0.02,0,0,0.28,2600
1024650,Port Royale 4,2020/9/25,0,Gaming Minds,Kalypso Media,"200,000 .. 500,000",39.99,92.30769231,Port Royale 2,0,0.03,0,0.01,0.04,PC
958400,Project CARS 3,2020/8/27,0,Slightly Mad Studios,BANDAI NAMCO Entertainment,"200,000 .. 500,000",59.99,92.30769231,Project CARS,0.17,0.69,0.02,0.15,1.04,PS4
1442820,R-Type Final 2,2021/4/30,0,Granzella Inc.,"NIS America, Inc.","100,000 .. 200,000",39.99,92.30769231,R-Type Final,0.09,0.07,0,0.02,0.19,PS2
916120,Rascals,2018/10/17,0,Ninja Whale Studios,Ninja Whale Studios,"0 .. 20,000",5.99,92.30769231,Rascal,0.24,0.16,0,0.03,0.42,PS
1067220,RoboCo,2022/11/3,0,Filament Games,Filament Games,"0 .. 20,000",19.99,92.30769231,RoboCop,0.01,0,0,0,0.02,XB
2437990,Slayer,2023/6/8,0,Skittlez,Skittlez,"0 .. 20,000",3.99,92.30769231,Slayers,0,0,0.12,0,0.12,SNES
312660,Sniper Elite 4,2017/2/13,0,Rebellion,Rebellion,"2,000,000 .. 5,000,000",59.99,92.30769231,Sniper Elite,0.1,0.07,0,0.02,0.19,PS2
1029690,Sniper Elite 5,2022/5/25,0,Rebellion,Rebellion,"2,000,000 .. 5,000,000",49.99,92.30769231,Sniper Elite,0.1,0.07,0,0.02,0.19,PS2
1415620,Sudoku Forever,2020/9/25,0,Trix GO',ㅤkovalevviktorㅤ,"0 .. 20,000",0.49,92.30769231,Sudoku Fever,0.05,0.02,0,0,0.07,GBA
1046740,TimeTraveler,2019/4/25,0,Bill's Game,"Bill's Game, Guangxi Xin Shang Mdt InfoTech","50,000 .. 100,000",0.99,92.30769231,Time Travelers,0,0,0.05,0,0.05,PSV
336150,Virtual Pool 4,2015/5/11,0,Celeris,Celeris,"50,000 .. 100,000",24.99,92.30769231,Virtual Pool,0.28,0.19,0,0.03,0.51,PS
1171800,Vrtigo,2020/1/30,0,Wacho Studios,Wacho Studios,"0 .. 20,000",4.99,92.30769231,Vertigo,0.05,0,0,0,0.05,Wii
55410,"Warhammer 40,000: Space Marine Demo",2011/8/18,1,Relic Entertainment,THQ,"0 .. 20,000",0,92.30769231,"Warhammer 40,000: Space Marine",0.25,0.27,0,0.06,0.57,X360
268500,XCOM® 2,2016/2/4,0,"Firaxis Games, Feral Interactive (Mac), Feral Interactive (Linux)","2K, Feral Interactive (Mac), Feral Interactive (Linux)","2,000,000 .. 5,000,000",59.99,92.30769231,XCOM 2,0.09,0.1,0,0.02,0.2,PC
99120,Yar's Revenge,2011/4/28,0,Killspace Entertainment,Atari,"0 .. 20,000",2.49,92.30769231,Yars' Revenge,0.73,0.04,0,0.01,0.78,2600
338300,Disney's Chicken Little: Ace in Action,2015/2/24,0,Avalanche Software,Disney,"0 .. 20,000",19.99,92.10526316,Disney's Chicken Little: Ace In Action,0.1,0,0,0.01,0.11,Wii
241260,Sherlock Holmes: Crimes and Punishments,2014/9/29,0,Frogwares,Frogwares,"200,000 .. 500,000",29.99,92.10526316,Sherlock Holmes: Crimes & Punishments,0.08,0.14,0,0.05,0.27,PS4
16032,7 Wonders: Treasures of Seven Demo,2008/11/14,1,MumboJumbo,MumboJumbo,"0 .. 20,000",0,92.06349206,7 Wonders: Treasures of Seven,0.02,0.03,0,0.01,0.05,DS
242050,Assassin’s Creed® IV Black Flag™,N,0,Ubisoft Montreal,Ubisoft,"2,000,000 .. 5,000,000",39.99,92.06349206,Assassin's Creed IV: Black Flag,1.33,1.71,0.13,0.73,3.89,PS3
893650,CSI VR: Crime Scene Investigation,2018/9/5,0,GES_Games,GES_Games,"0 .. 20,000",4.99,92.06349206,CSI: Crime Scene Investigation,0.09,0.03,0,0,0.12,XB
332470,Making History: The Great War Demo,2014/11/7,1,"Muzzy Lane Software, Factus Games",Factus Games,"0 .. 20,000",0,92.06349206,Making History: The Great War,0,0,0.15,0,0.15,Wii
16140,Virtual Villagers: A New Home Demo,2008/5/12,1,Last Day of Work,Last Day of Work,"0 .. 20,000",0,92.06349206,Virtual Villagers: A New Home,0.04,0.01,0,0,0.05,DS
236110,Dungeon Defenders II,2017/6/20,1,Chromatic Games,Chromatic Games,"2,000,000 .. 5,000,000",0,91.89189189,Dungeon Defenders,0.02,0,0,0,0.02,PC
2983140,Trials of Innocence,N,0,N,N,"0 .. 20,000",,91.89189189,Tales of Innocence,0,0,0.26,0,0.26,DS
1285190,Borderlands 4,N,0,N,N,"0 .. 20,000",,91.66666667,Borderlands,2.39,0.73,0.03,0.29,3.44,X360
2454510,Dan Factory,N,0,N,N,"0 .. 20,000",,91.66666667,Dance Factory,0.02,0.01,0,0,0.03,PS2
12330,Darkstar One,2008/2/13,0,Ascaron Entertainment ltd.,Strategy First,"100,000 .. 200,000",1.79,91.66666667,DarkStar One,0,0.03,0,0.01,0.04,PC
934700,Dead Island 2,2024/4/22,0,Dambuster Studios,Deep Silver,"200,000 .. 500,000",34.99,91.66666667,Dead Island,1.48,0.71,0,0.2,2.39,X360
543460,Dead Rising 4,2017/3/14,0,"Capcom Game Studio Vancouver, Inc.",Capcom,"200,000 .. 500,000",29.99,91.66666667,Dead Rising,1.16,0.65,0.08,0.2,2.09,X360
1163930,Dragon Forge,2022/7/8,0,Legend Studio,Legend Studio,"0 .. 20,000",9.99,91.66666667,Dragon Force,0,0,0.3,0,0.3,SAT
2611280,Eternal King,2023/10/24,0,chimp,chimp,"0 .. 20,000",4.99,91.66666667,Eternal Ring,0.1,0.07,0.1,0.03,0.3,PS2
2990970,Eternal Rain,2024/6/18,0,Sepxikon,Sepxikon,"0 .. 20,000",2.99,91.66666667,Eternal Ring,0.1,0.07,0.1,0.03,0.3,PS2
38130,Farm Frenzy 2,2010/2/15,0,Alawar,Next Game,"0 .. 20,000",4.99,91.66666667,Farm Frenzy,0.01,0,0,0,0.02,PC
296220,Farm Frenzy 4,2014/4/29,0,Alawar Entertainment,ESDigital Games,"20,000 .. 50,000",1.04,91.66666667,Farm Frenzy,0.01,0,0,0,0.02,PC
760680,Galaxy Race,2018/3/1,0,Magic VR,Magic VR,"0 .. 20,000",4.99,91.66666667,Galaxy Racers,0.04,0,0,0,0.05,DS
502460,Hotel Giant,2019/7/4,0,QLOC,Toplitz Productions,"0 .. 20,000",2.49,91.66666667,Hotel Giant 2,0,0.03,0,0.01,0.04,PC
1622310,Kity Builder,N,0,N,N,"0 .. 20,000",,91.66666667,City Builder,0.04,0,0,0,0.04,Wii
32510,LEGO® Star Wars™ III - The Clone Wars™,2011/3/22,0,Traveller's Tales,"LucasArts, Lucasfilm, Disney","500,000 .. 1,000,000",19.99,91.66666667,LEGO Star Wars III: The Clone Wars,1.08,0.66,0,0.17,1.91,Wii
394220,Last Horizon,2015/11/18,0,Pixeljam,Pixeljam,"50,000 .. 100,000",4.99,91.66666667,Lost Horizon,0,0.1,0,0.02,0.12,PC
670900,NASCAR Heat 2,2017/9/12,0,Monster Games,704 Games Company,"20,000 .. 50,000",12.99,91.66666667,NASCAR Heat,0.22,0.15,0,0.03,0.39,PS
905450,NASCAR Heat 3,2018/9/7,0,Monster Games,704 Games Company,"20,000 .. 50,000",9.99,91.66666667,NASCAR Heat,0.22,0.15,0,0.03,0.39,PS
1127980,NASCAR Heat 4,2019/9/13,0,Monster Games,704 Games Company,"100,000 .. 200,000",14.99,91.66666667,NASCAR Heat,0.22,0.15,0,0.03,0.39,PS
1265860,NASCAR Heat 5,2020/7/9,0,704Games Company,Motorsport Games,"100,000 .. 200,000",14.99,91.66666667,NASCAR Heat,0.22,0.15,0,0.03,0.39,PS
243020,Pandemonium,2013/10/8,0,Crystal Dynamics,Square Enix,"50,000 .. 100,000",0.97,91.66666667,Pandemonium 2,0.04,0.02,0,0,0.07,PS
1178400,Pro Cycling Manager 2020,2020/6/4,0,Cyanide Studio,Nacon,"100,000 .. 200,000",19.99,91.66666667,Pro Cycling Manager 2016,0,0.04,0,0.01,0.05,PS4
1767560,Pro Cycling Manager 2022,2022/6/9,0,Cyanide Studio,Nacon,"20,000 .. 50,000",39.99,91.66666667,Pro Cycling Manager 2016,0,0.04,0,0.01,0.05,PS4
2063610,Pro Cycling Manager 2023,2023/6/8,0,Cyanide Studio,Nacon,"50,000 .. 100,000",39.99,91.66666667,Pro Cycling Manager 2016,0,0.04,0,0.01,0.05,PS4
2494350,Pro Cycling Manager 2024,2024/6/6,0,Cyanide Studio,Nacon,"20,000 .. 50,000",39.99,91.66666667,Pro Cycling Manager 2016,0,0.04,0,0.01,0.05,PS4
115320,Prototype 2,2012/7/26,0,Radical Entertainment,Activision,"500,000 .. 1,000,000",39.99,91.66666667,[Prototype 2],0.48,0.25,0,0.07,0.8,X360
607080,Psychonauts 2,2021/8/24,0,Double Fine Productions,Xbox Game Studios,"200,000 .. 500,000",59.99,91.66666667,Psychonauts,0.09,0.03,0,0,0.12,XB
225640,Sacred 2 Gold,2012/12/21,0,Studio II,THQ Nordic,"200,000 .. 500,000",14.99,91.66666667,Sacred Gold,0,0.02,0,0,0.02,PC
204340,Serious Sam 2,2012/1/31,0,Croteam,Devolver Digital,"2,000,000 .. 5,000,000",9.99,91.66666667,Serious Sam,0.11,0.03,0,0.01,0.15,XB
257420,Serious Sam 4,2020/9/24,0,Croteam,Devolver Digital,"1,000,000 .. 2,000,000",39.99,91.66666667,Serious Sam,0.11,0.03,0,0.01,0.15,XB
987770,Singularity 5,2018/12/21,0,Monochrome Paris,Monochrome Paris,"0 .. 20,000",9.99,91.66666667,Singularity,0.24,0.05,0,0.02,0.32,X360
355060,Sébastien Loeb Rally EVO,2016/1/29,0,Milestone S.r.l.,Milestone S.r.l.,"20,000 .. 50,000",19.99,91.66666667,Sébastien Loeb Rally Evo,0,0.04,0,0.01,0.04,PS4
1668670,snowboarding,2021/8/4,1,N,N,"0 .. 20,000",,91.66666667,Snowboarding,0.16,0.11,0,0.02,0.29,PS
215180,The Book of Unwritten Tales Demo,2012/7/31,1,KING Art,THQ Nordic,"0 .. 20,000",0,91.52542373,The Book of Unwritten Tales,0,0.08,0,0.02,0.11,PC
949230,Cities: Skylines II,2023/10/24,0,Colossal Order Ltd.,Paradox Interactive,"2,000,000 .. 5,000,000",49.99,91.42857143,Cities: Skylines,0,0.13,0,0.01,0.14,PC
711380,Code of Princess EX,2020/10/2,0,Studio Saizensen,"Nicalis, Inc.","0 .. 20,000",19.99,91.42857143,Code of Princess,0.16,0,0.03,0.01,0.2,3DS
770490,Death in the Water,2019/10/10,0,Lighthouse Games Studio,Lighthouse Games Studio,"20,000 .. 50,000",2.99,91.42857143,Dead in the Water,0.03,0.02,0,0,0.05,PS
311560,Assassin’s Creed® Rogue,2015/3/9,0,"Ubisoft Sofia, Ubisoft Kiev",Ubisoft,"1,000,000 .. 2,000,000",19.99,91.30434783,Assassin's Creed: Rogue,0.46,0.62,0.06,0.23,1.37,PS3
12770,Rise of the Argonauts,2009/1/7,0,Liquid Entertainment,"Codemasters, Electronic Arts","200,000 .. 500,000",9.99,91.30434783,The Rise of the Argonauts,0.05,0.12,0,0.03,0.19,PS3
2537590,Microsoft Flight Simulator 2024,N,0,Asobo Studio,Xbox Game Studios,"0 .. 20,000",69.99,91.22807018,Microsoft Flight Simulator,3.22,1.69,0,0.2,5.12,PC
231250,Resident Evil: Revelations Demo,N,1,Capcom,N,"0 .. 20,000",0,91.22807018,Resident Evil: Revelations,0.3,0.22,0.3,0.05,0.88,3DS
1154080,Rugby League Team Manager 3,2020/5/28,0,Alternative Software Ltd,Alternative Software Ltd,"0 .. 20,000",39.99,91.22807018,Rugby League Team Manager 2015,0,0.02,0,0,0.02,PC
207790,Jane's Advanced Strike Fighters,2012/3/8,0,Trickstar Games,Deep Silver,"20,000 .. 50,000",9.99,91.17647059,JASF: Jane's Advanced Strike Fighters,0.07,0.03,0,0.02,0.11,PS3
906850,Again?,2018/8/8,0,KillGame,HandMade Games,"0 .. 20,000",0.99,90.90909091,Again,0.07,0,0,0,0.07,DS
1114910,Alone in the War,2019/10/16,0,Sabrina Aridi,Sabrina Aridi,"0 .. 20,000",9.99,90.90909091,Alone in the Dark,0.14,0.3,0,0.05,0.49,X360
2305800,Anipocalypse,N,0,N,N,"0 .. 20,000",,90.90909091,Apocalypse,0.25,0.17,0,0.03,0.45,PS
465440,Aplowcalypse,2016/12/14,1,Biodrone Studios,Biodrone Studios,"0 .. 20,000",0,90.90909091,Apocalypse,0.25,0.17,0,0.03,0.45,PS
2058250,Astroblaster,2022/7/10,0,David Armstrong,Pizza Parlor Games,"0 .. 20,000",1.99,90.90909091,Astroblast,0.29,0.02,0,0,0.31,2600
2246790,Battle Mage,2023/1/3,0,MFG Assets,Kevin Dunn,"0 .. 20,000",5.99,90.90909091,Battle Rage,0.04,0,0,0,0.04,Wii
236690,Blood Bowl 2,2015/9/22,0,Cyanide Studios,Nacon,"1,000,000 .. 2,000,000",19.99,90.90909091,Blood Bowl,0.13,0.03,0,0.01,0.17,X360
1016950,Blood Bowl 3,2023/2/23,0,Cyanide Studio,Nacon,"200,000 .. 500,000",29.99,90.90909091,Blood Bowl,0.13,0.03,0,0.01,0.17,X360
1747310,Catana,2021/11/10,0,Adept Studios GD,Alawar Casual,"0 .. 20,000",3.49,90.90909091,Catan,0,0.02,0,0,0.03,DS
2373460,Chess!,2023/10/23,0,Exeter Game Studios,Exeter Game Studios,"0 .. 20,000",4.99,90.90909091,Chess,0.05,0.04,0,0.01,0.09,PS
314180,Deathsmiles,2016/3/10,0,"CAVE Interactive CO.,LTD.",KOMODO,"20,000 .. 50,000",19.99,90.90909091,DeathSmiles,0.15,0.06,0.05,0.02,0.28,X360
809770,DeerHunterX,2018/4/21,0,Hunterx,Hunterx,"0 .. 20,000",10.99,90.90909091,Deer Hunter,0.14,0.11,0,0.04,0.28,PS2
403640,Dishonored 2,2016/11/11,0,Arkane Studios,Bethesda Softworks,"2,000,000 .. 5,000,000",5.99,90.90909091,Dishonored,1.06,0.52,0.01,0.14,1.73,X360
1592390,Driving Simulator 2022,2021/8/2,0,CataStoica,CataStoica,"0 .. 20,000",1.99,90.90909091,Driving Simulator 2011,0,0.01,0,0,0.01,PC
2423860,Flock Party,2023/10/15,0,Divine Image,Divine Image,"0 .. 20,000",7.99,90.90909091,Block Party,0.14,0,0,0.01,0.16,Wii
1417490,Fractal Fury,2021/4/4,1,Alex,Alex,"50,000 .. 100,000",0,90.90909091,Fatal Fury,0,0,0.39,0,0.39,SNES
1662000,Furry Fatale,2024/9/23,0,Infamy,Infamy,"0 .. 20,000",9.99,90.90909091,Fatal Fury,0,0,0.39,0,0.39,SNES
1715830,GhostHunter,2021/12/10,1,N,N,"0 .. 20,000",,90.90909091,Ghosthunter,0.04,0.03,0,0.01,0.09,PS2
898170,Grid Gunner,2018/7/27,0,Studio Cypix,Studio Cypix,"0 .. 20,000",1.99,90.90909091,Grid Runner,0.02,0.01,0,0,0.03,PS
526980,Handball 17,2016/11/15,0,Eko Software,Nacon,"20,000 .. 50,000",9.99,90.90909091,Handball 16,0,0.05,0,0.01,0.06,PS4
891020,Handball 21,2020/11/12,0,Eko Software,Nacon,"20,000 .. 50,000",39.99,90.90909091,Handball 16,0,0.05,0,0.01,0.06,PS4
438660,Jerry Rice & Nitus' Dog Football,2016/2/11,0,JUDOBABY INC.,JUDOBABY INC.,"0 .. 20,000",2.99,90.90909091,Jerry Rice and Nitus' Dog Football,0.04,0,0,0,0.04,Wii
2844430,Juice,N,0,N,N,"0 .. 20,000",,90.90909091,Juiced,0.26,0.2,0,0.07,0.53,PS2
2847430,King Island,2024/3/28,0,AgeOfGames,AgeOfGames,"20,000 .. 50,000",2.99,90.90909091,Wing Island,0.03,0.01,0.01,0,0.05,Wii
3190,King's Bounty Armored Princess Demo,2009/12/2,1,Katauri Interactive,"1C Company, 1C-SoftClub","0 .. 20,000",0,90.90909091,King's Bounty: Armored Princess,0,0.01,0,0,0.01,PC
417430,Moto Racer  4,2016/11/2,0,Artefacts Studio,Microids,"200,000 .. 500,000",14.99,90.90909091,Moto Racer,0.45,0.3,0,0.05,0.8,PS
1842760,Nightshaders,N,0,N,N,"0 .. 20,000",,90.90909091,Nightshade,0.06,0.04,0,0.01,0.12,PS2
1653800,On the Hunt,N,0,N,N,"0 .. 20,000",,90.90909091,In the Hunt,0.03,0.02,0.07,0.01,0.14,PS
788420,Potion Explosion,2018/5/16,0,Studio Clangore,Horrible Guild,"20,000 .. 50,000",6.99,90.90909091,Motion Explosion!,0.05,0.01,0,0,0.06,X360
546050,Puyo Puyo™Tetris®,2018/2/27,0,"Sonic Team, Bitbaboon",SEGA,"500,000 .. 1,000,000",19.99,90.90909091,Puyo Puyo Tetris,0,0,0.11,0,0.11,3DS
312520,Rain World,2017/3/28,0,Videocult,Akupara Games,"1,000,000 .. 2,000,000",24.99,90.90909091,World Racing,0.05,0.01,0,0,0.07,XB
2420300,Rap Attack!,2023/8/31,0,Don Aitor,Don Aitor,"0 .. 20,000",6.99,90.90909091,Rat Attack!,0.03,0.02,0,0,0.04,PS
1294940,Resistance,N,0,Siarhei Belyahou,Siarhei Belyahou,"0 .. 20,000",0,90.90909091,Resistance 2,1.15,0.85,0.1,0.39,2.48,PS3
2609030,Robot,2023/10/5,0,Wu Yao,Wu Yao,"0 .. 20,000",59.99,90.90909091,Robots,0.18,0.14,0,0.05,0.36,PS2
2541950,Sirens,N,0,N,N,"0 .. 20,000",,90.90909091,Siren,0.09,0.07,0,0.02,0.18,PS2
71250,Sonic Adventure DX,2011/3/4,0,SEGA,SEGA,"500,000 .. 1,000,000",7.99,90.90909091,Sonic Adventure,1.26,0.61,0.46,0.08,2.42,DC
1251530,Speed0,2020/9/28,0,Handholding Inc,Handholding Inc,"0 .. 20,000",9.99,90.90909091,Speed,0.04,0.02,0,0.01,0.07,Wii
551500,Star Fight,2016/11/11,0,Volens Nolens Games,Volens Nolens Games,"50,000 .. 100,000",4.99,90.90909091,Star Fighter,0.04,0.02,0,0,0.06,PS
521760,Taiko Risshiden,2017/4/18,0,"KOEI TECMO GAMES CO., LTD.","KOEI TECMO GAMES CO., LTD.","0 .. 20,000",12.99,90.90909091,Taikou Risshiden V,0,0,0.04,0,0.04,PSP
1291710,The Watcher,2020/5/1,0,Markus D,Markus D,"0 .. 20,000",1.99,90.90909091,The Witcher,0,0.05,0,0.01,0.06,PC
588220,Tom Clancy's The Division Demo,2017/2/28,1,Massive Entertainment,Ubisoft,"0 .. 20,000",0,90.90909091,Tom Clancy's The Division,1.28,1.61,0.15,0.57,3.61,PS4
1142710,Total War: WARHAMMER III,2022/2/16,0,"CREATIVE ASSEMBLY, Feral Interactive","SEGA, Feral Interactive","2,000,000 .. 5,000,000",59.99,90.90909091,Total War: WARHAMMER,0,0.1,0,0.01,0.1,PC
375900,Trackmania® Turbo,2016/3/24,0,Nadeo,Ubisoft,"100,000 .. 200,000",39.99,90.90909091,TrackMania Turbo,0.03,0.24,0,0.05,0.32,PS4
2835460,Treasure Hunters,N,0,N,N,"0 .. 20,000",,90.90909091,Treasure Hunter G,0,0,0.2,0,0.2,SNES
2053650,Tropi,N,1,N,N,"0 .. 20,000",,90.90909091,Tropix,0.06,0,0,0,0.07,DS
2700550,Urban Chase,2024/2/23,0,Callmerat,Callmerat Games,"0 .. 20,000",1.34,90.90909091,Urban Chaos,0.06,0.04,0,0.01,0.1,PS
617060,Virush,2017/6/8,0,Arcturus,DMG Entertainment,"0 .. 20,000",5.99,90.90909091,Virus,0,0,0.08,0,0.08,SAT
1235770,Volleyballed,2020/6/18,0,Fun Infused Games,Fun Infused Games,"0 .. 20,000",2.99,90.90909091,Volleyball,0.14,0.03,1.98,0,2.15,NES
719040,Wasteland 3,N,0,inXile Entertainment,inXile Entertainment,"500,000 .. 1,000,000",39.99,90.90909091,Wasteland 2,0.07,0,0.01,0.02,0.1,PS4
2075750,XSpeed,N,1,N,N,"0 .. 20,000",,90.90909091,Speed,0.04,0.02,0,0.01,0.07,Wii
1449850,Yu-Gi-Oh! Master Duel,N,1,N,N,"0 .. 20,000",,90.90909091,Yu-Gi-Oh! Duel Monsters,0,0,1.61,0.01,1.61,GB
1936380,words,N,0,N,N,"0 .. 20,000",,90.90909091,Swords,0.03,0,0,0,0.04,Wii
301980,Disney Pirates of the Caribbean: At Worlds End,2014/10/6,0, Eurocom Entertainment Software,Disney,"20,000 .. 50,000",19.99,90.69767442,Pirates of the Caribbean: At World's End,0.17,0.41,0,0.15,0.74,PS3
203970,Kingdoms of Amalur: Reckoning™ Demo,2012/1/17,1,"Big Huge Games, 38 Studios",N,"0 .. 20,000",0,90.625,Kingdoms of Amalur: Reckoning,0.55,0.25,0.01,0.07,0.89,X360
61720,Might & Magic Clash of Heroes Demo,2011/9/21,1,Capybara Games,Ubisoft,"0 .. 20,000",0,90.625,Might & Magic: Clash of Heroes,0.16,0.02,0,0.01,0.19,DS
2221490,Tom Clancy’s The Division® 2,2023/1/12,0,Ubisoft,Ubisoft,"500,000 .. 1,000,000",39.99,90.56603774,Tom Clancy's The Division,1.28,1.61,0.15,0.57,3.61,PS4
8030,Tomb Raider: Anniversary Demo,2007/5/29,1,Crystal Dynamics,"SQUARE ENIX, Eidos Interactive","0 .. 20,000",0,90.56603774,Tomb Raider: Anniversary,0.12,0.63,0,0.11,0.86,Wii
3170580,Backyard Basketball '01,N,0,N,N,"0 .. 20,000",,90.47619048,Backyard Basketball,0.13,0.05,0,0,0.18,GBA
447020,Farming Simulator 17,2016/10/24,0,GIANTS Software,GIANTS Software,"1,000,000 .. 2,000,000",14.99,90.47619048,Farming Simulator 2011,0,0.13,0,0,0.13,PC
787860,Farming Simulator 19,2018/11/19,0,Giants Software,Giants Software,"2,000,000 .. 5,000,000",17.99,90.47619048,Farming Simulator 2011,0,0.13,0,0,0.13,PC
1248130,Farming Simulator 22,2021/11/21,0,Giants Software,Giants Software,"2,000,000 .. 5,000,000",29.99,90.47619048,Farming Simulator 2011,0,0.13,0,0,0.13,PC
2300320,Farming Simulator 25,N,0,Giants Software,Giants Software,"0 .. 20,000",49.99,90.47619048,Farming Simulator 2011,0,0.13,0,0,0.13,PC
1992700,Super Adventure Hand,2023/9/21,0,Devm Games,Devm Games,"0 .. 20,000",12.99,90.47619048,Super Adventure Island,0,0,0.22,0,0.22,SNES
438940,XBlaze Lost: Memories,2016/8/10,0,Arc System Works,Aksys Games,"0 .. 20,000",19.99,90.47619048,Xblaze: Lost Memories,0.02,0,0,0.01,0.03,PSV
245410,Wizardry 6: Bane of the Cosmic Forge,2013/9/10,0,Sir-Tech,"Drecom Co., Ltd., Nightdive Studios","100,000 .. 200,000",4.99,90.4109589,Wizardry VI: Bane of the Cosmic Forge,0,0,0.1,0,0.1,SNES
802690,Crazy Machines VR,2018/10/25,0,Fakt Software,Wild River Games,"0 .. 20,000",9.99,90.32258065,Crazy Machines,0,0.03,0,0,0.04,DS
2887240,Crystal's Castle,2024/5/5,0,David Fernandez,FLD Games,"0 .. 20,000",1.99,90.32258065,Crystal Castles,0.72,0.04,0,0.01,0.77,2600
1784550,Demolition race,2022/9/8,0,xFAIRx,xFAIRx,"0 .. 20,000",0.99,90.32258065,Demolition Racer,0.17,0.12,0,0.02,0.31,PS
1868180,Etrian Odyssey HD,2023/6/14,0,ATLUS,SEGA,"20,000 .. 50,000",39.99,90.32258065,Etrian Odyssey,0.2,0.03,0.09,0.02,0.34,DS
1009350,Keepers Dungeon,2019/4/8,0,Run and jump games,Run and jump games,"0 .. 20,000",3.99,90.32258065,Dungeon Keeper 2,0,0.05,0,0.01,0.06,PC
1060220,Langrisser I & II,2020/3/10,0,Chara-ani Corporation,"NIS America, Inc.","50,000 .. 100,000",49.99,90.32258065,Langrisser III,0,0,0.2,0,0.2,SAT
277630,Panzer Tactics HD,2014/5/22,0,Sproing,THQ Nordic,"20,000 .. 50,000",9.99,90.32258065,Panzer Tactics,0.06,0,0,0,0.06,DS
606370,Romancing SaGa 2™,2017/12/15,0,"Square Enix, ArtePiazza",Square Enix,"20,000 .. 50,000",24.99,90.32258065,Romancing SaGa,0,0,0.97,0,0.97,SNES
952540,Romancing SaGa 3™,2019/11/11,0,"Square Enix, ArtePiazza",Square Enix,"50,000 .. 100,000",28.99,90.32258065,Romancing SaGa,0,0,0.97,0,0.97,SNES
512900,Streets of Rogue,2019/7/12,0,Matt Dabrowski,tinyBuild,"500,000 .. 1,000,000",19.99,90.32258065,Streets of Rage,1.86,0.55,0.11,0.08,2.6,GEN
3142500,The Last Viking,N,0,N,N,"0 .. 20,000",,90.32258065,The Lost Vikings,0.04,0.01,0,0,0.05,GBA
292410,Street Racing Syndicate,2014/4/24,0,Eutechnyx,Funbox Media Ltd,"500,000 .. 1,000,000",2.99,90.19607843,SRS: Street Racing Syndicate,0.26,0.21,0,0.07,0.54,PS2
8150,Tomb Raider: Underworld Demo,2008/10/31,1,Crystal Dynamics,Square Enix,"0 .. 20,000",0,90.19607843,Tomb Raider: Underworld,0.45,0.56,0.05,0.22,1.27,PS3
312540,Ys VI: The Ark of Napishtim,2015/4/28,0,Nihon Falcom,"XSEED Games, Marvelous USA, Inc.","100,000 .. 200,000",19.99,90.19607843,Ys: The Ark of Napishtim,0.07,0.05,0,0.02,0.13,PS2
2240780,307 Racing,2023/2/26,0,STuNT,STuNT,"0 .. 20,000",0.99,90,007 Racing,0.3,0.2,0,0.03,0.53,PS
448230,AsteroidsHD,2016/3/4,0,NewWorldCoders,NewWorldCoders,"0 .. 20,000",0.99,90,Asteroids,4,0.26,0,0.05,4.31,2600
473770,BallisticNG,2018/12/14,0,Neognosis,Neognosis,"200,000 .. 500,000",14.99,90,Ballistic,0.02,0.01,0,0,0.04,PS
380860,Barbara-ian,2017/1/16,0,Owlbear,Owlbear,"0 .. 20,000",5.99,90,Barbarian,0.07,0.06,0,0.02,0.14,PS2
2000950,Call of Duty®: Modern Warfare®,2023/3/8,0,"Infinity Ward, Beenox, High Moon Studios, Raven Software",Activision,"500,000 .. 1,000,000",59.99,90,Call of Duty 4: Modern Warfare,5.91,2.38,0.13,0.9,9.32,X360
587420,Cart Racer,2017/6/5,0,HFM Games,HFM Games,"50,000 .. 100,000",0.49,90,Kart Racer,0.03,0.01,0,0,0.05,Wii
575420,Chocolate,2017/8/17,0,Gentle Manhands,Viacom NEXT,"0 .. 20,000",2.99,90,Chocolatier,0.06,0,0,0,0.07,DS
2512080,DDI Rally Championship,2024/1/13,0,Dangerous Derk Interactive,Dangerous Derk Interactive,"0 .. 20,000",11.99,90,Rally Championship,0.01,0,0,0,0.01,GC
1459160,Dark Cave,2020/12/10,0,Anpilov Denis,Denoriks Entertainment,"0 .. 20,000",9.99,90,Dark Cavern,0.22,0.01,0,0,0.24,2600
2401910,Dart Racer,N,0,N,N,"0 .. 20,000",,90,Kart Racer,0.03,0.01,0,0,0.05,Wii
2616270,Deer Hunt,N,0,N,N,"0 .. 20,000",,90,Deer Hunter,0.14,0.11,0,0.04,0.28,PS2
2262020,Exo Rally Championship,N,0,N,N,"0 .. 20,000",,90,Rally Championship,0.01,0,0,0,0.01,GC
582260,Extreme-G 2,2017/5/2,0,Acclaim Cheltenham,Throwback Entertainment,"20,000 .. 50,000",5.99,90,Extreme-G,0.47,0.11,0,0.01,0.59,N64
1948440,Frostbitten,2022/5/10,1,N,N,"0 .. 20,000",,90,Frostbite,0.32,0.02,0,0,0.34,2600
2722860,HHHalloween,2024/1/30,1,N,N,"0 .. 20,000",,90,Halloween,0.58,0.03,0,0.01,0.62,2600
1840080,Homeworld 3,2024/5/13,0,Blackbird Interactive,Gearbox Publishing,"200,000 .. 500,000",59.99,90,Homeworld,0,0.02,0,0,0.02,PC
1477440,Mahjong Solitaire 100,2020/12/16,0,ShovelGames Inc.,ShovelGames Inc.,"0 .. 20,000",2.99,90,Solitaire & Mahjong,0.11,0,0,0.01,0.12,Wii
223370,Painkiller Hell & Damnation Demo,2014/6/4,1,The Farm 51,N,"0 .. 20,000",0,90,Painkiller: Hell & Damnation,0.02,0.02,0,0.01,0.04,PS3
690460,Sky Hunter,2017/11/9,0,Codex7,Codex7,"0 .. 20,000",10.99,90,Spy Hunter,1.13,0.32,0,0.22,1.67,PS2
447990,Spectrubes,2016/3/25,0,The Light Sword Team,The Light Sword Team,"0 .. 20,000",1.99,90,Spectrobes,0.67,0.03,0,0.06,0.75,DS
1698220,Teslagrad 2,2023/4/19,0,Rain Games,Maximum Entertainment,"20,000 .. 50,000",19.99,90,Teslagrad,0,0.01,0,0,0.01,PSV
2858860,The Witch,N,0,N,N,"0 .. 20,000",,90,The Witcher,0,0.05,0,0.01,0.06,PC
468150,Trap House,2016/6/14,0,Hive Mind Studios,Hive Mind Studios,"0 .. 20,000",9.99,90,Mouse Trap,0.38,0.02,0,0,0.4,2600
1057730,VRAdventure,2019/10/11,0,EJRGames,EJRGames,"0 .. 20,000",0.69,90,Adventure,1.21,0.08,0,0.01,1.3,2600
2023790,WordMaster,2022/7/15,0,Joseph Hoff,Hoff Studio,"0 .. 20,000",4.99,90,Wordmaster,0.09,0,0,0.01,0.09,DS
33610,Broken Sword 3 - the Sleeping Dragon,2009/12/2,0,Revolution Software Ltd,Revolution Software Ltd,"100,000 .. 200,000",5.99,89.85507246,Broken Sword: The Sleeping Dragon,0.01,0,0,0,0.02,XB
245300,Disney Epic Mickey 2:  The Power of Two,2014/10/6,0,Junction Point,Disney,"100,000 .. 200,000",19.99,89.85507246,Epic Mickey 2: The Power of Two,0.72,0.23,0,0.08,1.03,Wii
6940,Battlestations: Midway Demo,2007/3/15,1,Eidos Interactive,"SQUARE ENIX, Eidos Interactive","0 .. 20,000",0,89.79591837,Battlestations: Midway,0.21,0.02,0,0.02,0.26,X360
108800,Crysis 2 - Maximum Edition,2011/3/22,0,Crytek Studios,Electronic Arts,"1,000,000 .. 2,000,000",29.99,89.79591837,Crysis: Maximum Edition,0,0.07,0,0.02,0.09,PC
303990,Don Bradman Cricket 14 Demo,2014/5/22,1,Big Ant Studios,Big Ant Studios,"0 .. 20,000",0,89.79591837,Don Bradman Cricket 14,0.01,0.09,0,0.02,0.12,PS4
231120,Euro Truck Simulator 2 Demo,2013/2/8,1,SCS Software,SCS Software,"0 .. 20,000",0,89.79591837,Euro Truck Simulator 2,0,0.12,0,0.02,0.13,PC
48710,Mount & Blade: Warband Demo,2010/8/30,1,Tale Worlds,Tale Worlds,"0 .. 20,000",0,89.79591837,Mount & Blade: Warband,0.01,0.01,0,0,0.02,PC
838400,Space Invaders Extreme Demo,2018/6/14,1,TAITO CORP.,"Degica, TAITO CORP.","0 .. 20,000",0,89.79591837,Space Invaders Extreme,0.12,0.01,0.01,0.01,0.15,DS
1285360,Alien Hominid HD,2023/11/1,0,The Behemoth,The Behemoth,"0 .. 20,000",11.99,89.65517241,Alien Hominid,0.05,0.04,0,0.01,0.1,PS2
991260,Borderlands 2 VR,2019/10/22,0,Gearbox Software,2K,"50,000 .. 100,000",49.99,89.65517241,Borderlands 2,1.89,0.91,0.04,0.24,3.07,X360
528610,Double Dragon IV,2017/1/30,0,Arc System Works,Arc System Works,"100,000 .. 200,000",3.49,89.65517241,Double Dragon,0.45,0.02,0,0.01,0.47,2600
39190,Dungeon Siege,N,0,Gas Powered Games,Square Enix,"500,000 .. 1,000,000",0.97,89.65517241,Dungeon Siege II,0,0.02,0,0,0.03,PC
1362560,Fire Commander,2022/7/27,0,"Atomic Wolf, Pixel Crow Games",Movie Games S.A.,"0 .. 20,000",14.99,89.65517241,Field Commander,0.14,0,0,0.01,0.16,PSP
1178000,Ghost Dimension,2020/1/17,0,Old School Vibes,Old School Vibes,"0 .. 20,000",0.49,89.65517241,Lost Dimension,0.07,0.03,0.02,0.03,0.14,PSV
1146780,Monster planet,2019/9/9,0,杰游科技,杰游科技,"0 .. 20,000",0.99,89.65517241,Planet Monsters,0.01,0,0,0,0.01,GBA
976310,Mortal Kombat 11,2019/4/23,0,"NetherRealm Studios, QLOC, Shiver","Warner Bros. Games, Warner Bros. Interactive Entertainment","2,000,000 .. 5,000,000",49.99,89.65517241,Mortal Kombat,1.98,0.55,0,0.32,2.85,PS3
15160,Petz® Horsez® 2,2009/8/27,0,Ubisoft,Square Enix,"0 .. 20,000",9.99,89.65517241,Petz: Horsez 2,0.41,0,0,0.03,0.44,DS
409870,Phantom Brave PC,2016/7/25,0,"Nippon Ichi Software, Inc.","NIS America, Inc.","100,000 .. 200,000",19.99,89.65517241,Phantom Brave,0.07,0.05,0,0.02,0.14,PS2
71120,Shining Force,2011/1/26,0,SEGA,SEGA,"20,000 .. 50,000",0.99,89.65517241,Shining Force II,0,0,0.19,0,0.19,GEN
1841760,Shootball Arena,2022/4/8,1,ZocaLight,ZocaLight,"0 .. 20,000",0,89.65517241,Arena Football,0.28,0.22,0,0.07,0.56,PS2
537570,Sid Meier's Civilization VI Demo,2017/3/16,1,Firaxis Games,2K,"0 .. 20,000",0,89.65517241,Sid Meier's Civilization V,0.98,0.52,0,0.19,1.69,PC
2330290,Socket Fighters,N,0,N,N,"0 .. 20,000",,89.65517241,Pocket Fighter,0.06,0.04,0.12,0.01,0.23,PS
34190,Sonic & SEGA All-Stars Racing,2010/3/3,0,Sumo Digital,SEGA,"200,000 .. 500,000",9.99,89.65517241,Sonic & Sega All-Stars Racing,0.65,0.71,0,0.15,1.51,Wii
2456960,The 7th Guest VR,2023/10/19,0,Vertigo Games,Vertigo Games,"0 .. 20,000",29.99,89.65517241,The 7th Guest,0.01,0.77,0,0,0.78,PC
489600,The Golf Club VR,2017/2/24,0,HB Studios,HB Studios,"20,000 .. 50,000",9.99,89.65517241,The Golf Club,0.05,0.02,0,0.01,0.08,PS4
19830,Tom Clancy's Rainbow Six® 3 Gold,2008/9/25,0,"Red Storm Entertainment, Ubisoft Montreal",Ubisoft,"200,000 .. 500,000",9.99,89.65517241,Tom Clancy's Rainbow Six 3,0.91,0.57,0,0.07,1.55,XB
7520,Two Worlds II HD,2011/2/3,0,Reality Pump Studios,"Topware Interactive, ACE","500,000 .. 1,000,000",24.99,89.65517241,Two Worlds II,0.4,0.08,0.03,0.04,0.54,X360
71390,Virtua Tennis 4™,2011/6/24,0,SEGA,SEGA,"20,000 .. 50,000",0,89.65517241,Virtua Tennis,0.13,0.05,0,0,0.18,GBA
1723420,Zombie Hunter,2021/10/4,1,N,N,"0 .. 20,000",,89.65517241,Zombie Hunters 2,0,0,0.02,0,0.02,PS2
15190,Brothers in Arms: Road to Hill 30™,2008/5/13,0,Gearbox Software,Ubisoft,"200,000 .. 500,000",9.99,89.55223881,Brothers In Arms: Road to Hill 30,0.49,0.14,0,0.02,0.66,XB
3104970,Backyard Baseball '01,N,0,N,N,"0 .. 20,000",,89.47368421,Backyard Baseball,0.24,0.19,0,0.06,0.49,PS2
3170540,Backyard Baseball '97,2024/10/10,0,Mega Cat Studios,Playground Productions,"50,000 .. 100,000",9.99,89.47368421,Backyard Baseball,0.24,0.19,0,0.06,0.49,PS2
898750,Super Robot Wars 30,2021/10/27,0,"B.B.STUDIO CO.,LTD.",Bandai Namco Entertainment,"500,000 .. 1,000,000",59.99,89.47368421,Super Robot Wars BX,0,0,0.13,0,0.13,3DS
1413990,The Heart of Darkness,2022/4/15,0,BigWednesday,Kagura Games,"0 .. 20,000",19.99,89.47368421,Heart of Darkness,0.18,0.12,0,0.02,0.32,PS
1287590,Tour de France 2020,2020/8/27,0,Cyanide Studio,Nacon,"0 .. 20,000",19.99,89.47368421,Tour de France 2011,0,0.05,0,0.01,0.05,X360
1767570,Tour de France 2022,2022/6/9,0,Cyanide Studio,Nacon,"0 .. 20,000",39.99,89.47368421,Tour de France 2011,0,0.05,0,0.01,0.05,X360
2062690,Tour de France 2023,2023/6/8,0,Cyanide,Nacon,"0 .. 20,000",39.99,89.47368421,Tour de France 2011,0,0.05,0,0.01,0.05,X360
2494340,Tour de France 2024,2024/6/6,0,Cyanide Studio,Nacon,"0 .. 20,000",39.99,89.47368421,Tour de France 2011,0,0.05,0,0.01,0.05,X360
1064710,Wrath of the Samurai,2019/7/9,0,Aikirob,Aiki Gaming Studio,"0 .. 20,000",0.99,89.47368421,Way of the Samurai,0.13,0.1,0.25,0.03,0.51,PS2
268030,Battle Worlds: Kronos Demo,2013/12/10,1,KING Art Games,THQ Nordic,"0 .. 20,000",0,89.36170213,Battle Worlds: Kronos,0,0.01,0,0,0.01,PC
209040,Ridge Racer Unbounded Demo,2012/5/3,1,BUGBEAR,NAMCO BANDAI Games,"0 .. 20,000",0,89.36170213,Ridge Racer Unbounded,0.05,0.1,0,0.03,0.18,PS3
251290,The Legend of Heroes: Trails in the Sky SC,2015/10/29,0,Nihon Falcom,"XSEED Games, Marvelous USA, Inc.","200,000 .. 500,000",29.99,89.36170213,The Legend of Heroes: Trails in the Sky SC Evolution,0,0,0.03,0,0.03,PSV
2590560,10 Days to Die,N,0,N,N,"0 .. 20,000",,88.88888889,7 Days to Die,0.03,0.07,0,0.02,0.12,PS4
1235910,Adventures of Tara,2020/2/21,0,Reepyr O'Lust,Reepyr O'Lust,"0 .. 20,000",2.99,88.88888889,Adventures of Tron,0.63,0.03,0,0.01,0.67,2600
2715270,Adventuro,N,0,N,N,"0 .. 20,000",,88.88888889,Adventure,1.21,0.08,0,0.01,1.3,2600
2293640,Alter Evo,N,0,N,N,"0 .. 20,000",,88.88888889,Alter Ego,0,0.03,0,0.01,0.03,PC
2489270,Asteroidc,2023/7/22,1,N,N,"0 .. 20,000",,88.88888889,Asteroids,4,0.26,0,0.05,4.31,2600
2502750,Battery Hunter,2023/7/31,0,Celestial Fuel,Celestial Fuel,"0 .. 20,000",0.99,88.88888889,Battle Hunter,0.02,0.01,0,0,0.04,PS
1238820,Battlefield 3™,2020/6/11,0,DICE,Electronic Arts,"1,000,000 .. 2,000,000",39.99,88.88888889,Battlefield 2,0,0.07,0,0.02,0.08,PC
1238860,Battlefield 4™,2020/6/11,0,DICE,Electronic Arts,"1,000,000 .. 2,000,000",39.99,88.88888889,Battlefield 2,0,0.07,0,0.02,0.08,PC
1238840,Battlefield™ 1,2020/6/11,0,DICE,Electronic Arts,"2,000,000 .. 5,000,000",39.99,88.88888889,Battlefield 2,0,0.07,0,0.02,0.08,PC
2766200,Botanica,N,0,N,N,"0 .. 20,000",,88.88888889,Botanicula,0,0.02,0,0,0.03,PC
2153350,Brothers: A Tale of Two Sons Remake,2024/2/28,0,Avantgarden SRL,505 Games,"50,000 .. 100,000",19.99,88.88888889,Brothers: A Tale of Two Sons,0.03,0.08,0,0.02,0.13,PS4
1938090,Call of Duty®,2022/10/27,0,"Sledgehammer Games, Treyarch, Infinity Ward, Beenox, Raven Software, High Moon Studios, Demonware",Activision,"50,000,000 .. 100,000,000",69.99,88.88888889,Call of Duty 2,1.81,0.05,0.01,0.15,2.02,X360
3068140,Carsh,N,0,N,N,"0 .. 20,000",,88.88888889,Cars,0.72,0.29,0,0.21,1.22,PSP
1729090,Chameneon,2021/12/16,0,Burning Goat Studio,Burning Goat Studio,"20,000 .. 50,000",1.99,88.88888889,Chameleon,0.07,0,0,0.01,0.08,PSP
1703060,Conflict in Vietnam,N,0,Microprose,Atari,"20,000 .. 50,000",2.79,88.88888889,Conflict: Vietnam,0.26,0.2,0,0.07,0.53,PS2
8090,Conflict: Denied Ops Demo,2008/1/25,1,Pivotal Games,"SQUARE ENIX, Eidos Interactive","0 .. 20,000",0,88.88888889,Conflict: Denied Ops,0.08,0.09,0,0.02,0.19,X360
803960,Contrasted,2018/11/30,0,Dan Head,none,"0 .. 20,000",4.99,88.88888889,Contrast,0,0.01,0,0,0.02,PC
314300,CubeZ,2014/12/1,0,Imaekgames [Imaek Limited],Indie Developer,"0 .. 20,000",7.99,88.88888889,Cube,0.02,0,0,0,0.02,PSP
786110,Cubes,2019/1/11,0,Best Bit Studios,Best Bit Studios,"0 .. 20,000",9.99,88.88888889,Cube,0.02,0,0,0,0.02,PSP
767870,Dark Noid,2018/1/5,0,Vinicius Weiler Neves,Vinicius Weiler Neves,"0 .. 20,000",2.99,88.88888889,Dark Void,0.18,0.12,0,0.06,0.36,PS3
2363270,Darkside,2023/4/6,1,N,N,"0 .. 20,000",,88.88888889,Darksiders,0.67,0.29,0.01,0.1,1.06,X360
217100,Dementium II HD,2013/12/17,0,Memetic Games,Missing Link Games,"100,000 .. 200,000",5.99,88.88888889,Dementium II,0.09,0.02,0,0.01,0.12,DS
262280,Dungeons 2,2015/4/24,0,Realmforge Studios,Kalypso Media Digital,"1,000,000 .. 2,000,000",19.99,88.88888889,Dungeons,0.07,0.02,0,0.01,0.09,PC
493900,Dungeons 3,2017/10/13,0,Realmforge Studios,Kalypso Media,"500,000 .. 1,000,000",29.99,88.88888889,Dungeons,0.07,0.02,0,0.01,0.09,PC
1643310,Dungeons 4,2023/11/9,0,Realmforge Studios,Kalypso Media,"200,000 .. 500,000",49.99,88.88888889,Dungeons,0.07,0.02,0,0.01,0.09,PC
1468110,Elements,N,0,N,N,"0 .. 20,000",,88.88888889,4 Elements,0,0.04,0,0.01,0.05,PC
779580,Fat Foods,2018/1/22,0,Team 21 Studio,Team 21 Studio,"0 .. 20,000",4.99,88.88888889,Fast Food,0.27,0.02,0,0,0.29,2600
2647800,Fireball 2,N,0,N,N,"0 .. 20,000",,88.88888889,Fireball,0.3,0.02,0,0,0.33,2600
2335830,Fist Food,2024/2/27,0,Poccade LLC,Poccade LLC,"0 .. 20,000",4.99,88.88888889,Fast Food,0.27,0.02,0,0,0.29,2600
1489840,Fortoresse,2020/12/17,1,Atelier 801,Atelier 801,"20,000 .. 50,000",0,88.88888889,Fortress,0.23,0.08,0,0.01,0.32,GBA
776190,Galactic Battles,2018/1/31,0,"IndieLip, Dmitriy Uvarov",Conglomerate 5,"0 .. 20,000",0.99,88.88888889,Battlestar Galactica,0.08,0.06,0,0.02,0.16,PS2
1651620,Homewords,N,0,N,N,"0 .. 20,000",,88.88888889,Homeworld,0,0.02,0,0,0.02,PC
556520,Housekeeping VR,2017/2/21,0,Peach Pie Productions,Glass Hand Studios,"0 .. 20,000",4.99,88.88888889,Housekeeping,0,0,0.04,0,0.04,DS
2105690,In The Darkness,2022/9/13,1,N,N,"0 .. 20,000",,88.88888889,The Darkness,0.2,0.34,0,0.13,0.67,PS3
895600,Mojo,2018/8/3,0,L. Stotch,L. Stotch,"0 .. 20,000",2.99,88.88888889,Mojo!,0.07,0.05,0,0.02,0.14,PS2
713080,President Evil,2017/9/29,0,Scrap Games,Scrap Games,"0 .. 20,000",5,88.88888889,Resident Evil,2.05,1.16,1.11,0.73,5.05,PS
1259790,Puyo Puyo™ Tetris® 2,2021/3/23,0,SEGA,SEGA,"200,000 .. 500,000",29.99,88.88888889,Puyo Puyo Tetris,0,0,0.11,0,0.11,3DS
1199360,Rat Racer,2020/3/12,0,jacku,uszymyszy,"0 .. 20,000",5.96,88.88888889,Rad Racer,1.13,0.37,0.41,0.05,1.96,NES
596950,Rat Simulator,2017/7/27,0,Visualnoveler,Visualnoveler,"0 .. 20,000",7.99,88.88888889,Rail Simulator,0,0.01,0,0,0.01,PC
1829140,Resistance 204X,N,1,N,N,"0 .. 20,000",,88.88888889,Resistance 2,1.15,0.85,0.1,0.39,2.48,PS3
202610,Risen 2: Dark Waters Demo,2012/6/21,1,Piranha Bytes,KochMedia,"0 .. 20,000",0,88.88888889,Risen 2: Dark Waters,0.04,0.14,0.01,0.05,0.24,PS3
752480,Sniper Elite VR,2021/7/8,0,"Just Add Water (Developments), Ltd.",Rebellion,"50,000 .. 100,000",29.99,88.88888889,Sniper Elite,0.1,0.07,0,0.02,0.19,PS2
1202880,Spacer Project,2020/1/17,0,TheRed Games,TheRed Games,"0 .. 20,000",5.99,88.88888889,Project Spark,0.11,0.05,0,0.02,0.17,XOne
2443630,Star Wars™: Episode I: Jedi Power Battles™,N,0,Aspyr,Aspyr,"0 .. 20,000",17.99,88.88888889,Star Wars Episode 1: Jedi Power Battles,0.66,0.48,0.01,0.06,1.21,PS
2587900,Stellario,2023/9/19,0,Game Sunlight,STuNT,"20,000 .. 50,000",0.99,88.88888889,Stellaris,0,0.03,0,0,0.03,PC
1428600,Stormrite,N,0,N,N,"0 .. 20,000",,88.88888889,Stormrise,0.13,0.02,0,0.02,0.17,PS3
1017880,The Dark Side,2020/1/20,0,EyeContact Games,EyeContact Games,"0 .. 20,000",0.99,88.88888889,The Dark Spire,0.04,0,0,0,0.05,DS
2812430,The Last Stop,2024/3/28,0,HeadArrow,HeadArrow,"0 .. 20,000",3.99,88.88888889,The Last Story,0.32,0.13,0.18,0.04,0.68,Wii
1810230,The Wheel of Fortune,2021/12/1,0,Takujin soft.,Takujin soft.,"0 .. 20,000",8.99,88.88888889,Wheel of Fortune,0.99,0.22,0,0.04,1.26,PS
2410110,Timeshift,2024/2/5,0,Typha,Typha,"0 .. 20,000",6.99,88.88888889,TimeShift,0.36,0.02,0,0.03,0.41,X360
2395210,Tony Hawk's™ Pro Skater™ 1 + 2,2023/10/3,0,"Vicarious Visions, Iron Galaxy Studios",Activision,"100,000 .. 200,000",39.99,88.88888889,Tony Hawk's Pro Skater 2,3.05,1.41,0.02,0.2,4.68,PS
492720,Tropico 6,2019/3/29,0,"Limbic Entertainment, Realmforge Studios",Kalypso Media,"1,000,000 .. 2,000,000",39.99,88.88888889,Tropico 3,0.15,0.02,0.03,0.02,0.22,X360
1361570,Uprising,2023/9/27,0,1st impact games,1st impact games,"0 .. 20,000",17.99,88.88888889,Uprising X,0.04,0.03,0,0,0.07,PS
658700,V-Rally 4,2018/9/25,0,KT Racing,Nacon,"100,000 .. 200,000",2.99,88.88888889,V-Rally 3,0.03,0.02,0,0.01,0.06,PS2
953170,Witch's Tales,2018/11/9,0,Shaman Games Studio,Shaman Games Studio,"0 .. 20,000",5.99,88.88888889,A Witch's Tale,0.08,0,0.03,0.01,0.11,DS
1035410,xMoon,2019/6/13,0,buffalo buffalo buffalo,buffalo buffalo buffalo,"20,000 .. 50,000",9.99,88.88888889,Moon,0,0,0.17,0.01,0.18,PS
2184590,Memories Off Yubikiri No Kioku,2024/1/31,0,MAGES. Inc.,"Spike Chunsoft Co., Ltd.","0 .. 20,000",10.49,88.52459016,Memories Off: Yubikiri no Kioku,0,0,0.02,0,0.02,X360
211970,Test Drive: Ferrari Racing Legends,2012/12/10,0,Slightly Mad Studios,Evolved Games,"20,000 .. 50,000",19.99,88.52459016,Test Drive: Ferrari Legends,0.04,0,0,0,0.05,X360
15170,Heroes of Might & Magic V,2008/5/13,0,Nival,Ubisoft,"500,000 .. 1,000,000",9.99,88.46153846,Heroes of Might and Magic V,0,0.03,0,0.01,0.04,PC
15720,Oddworld: Abe's Exoddus® Demo,2008/8/28,1,Oddworld Inhabitants,Oddworld Inhabitants,"0 .. 20,000",0,88.46153846,Oddworld: Abe's Exoddus,0.55,0.38,0,0.06,0.99,PS
15730,Oddworld: Abe's Oddysee® Demo,2008/8/28,1,Oddworld Inhabitants,Oddworld Inhabitants,"0 .. 20,000",0,88.46153846,Oddworld: Abe's Oddysee,0.75,0.44,0,0.06,1.24,PS
579180,Ys VIII: Lacrimosa of DANA,2018/4/16,0,Nihon Falcom,"NIS America, Inc.","200,000 .. 500,000",39.99,88.46153846,Ys VIII: Lacrimosa of Dana,0,0,0.09,0,0.09,PSV
837090,Chronicles of Mystery - The Tree of Life,2018/7/13,0,City Interactive S.A.,City Interactive S.A.,"0 .. 20,000",4.99,88.37209302,Chronicles of Mystery: The Secret Tree of Life,0.03,0.04,0,0.01,0.08,DS
1297100,Destroy All Humans! Demo,2020/6/16,1,"Black Forest Games, Pandemic Studios",THQ Nordic,"0 .. 20,000",0,88.37209302,Destroy All Humans!,0.78,0.03,0,0.13,0.94,PS2
34050,Napoleon: Total War Demo,2010/3/10,1,The Creative Assembly,SEGA,"0 .. 20,000",0,88.37209302,Napoleon: Total War,0.02,0.52,0,0.12,0.66,PC
40140,Supreme Commander 2 Demo,2010/2/24,1,Gas Powered Games,"SQUARE ENIX, Eidos Interactive","0 .. 20,000",0,88.37209302,Supreme Commander 2,0.23,0.1,0,0.03,0.35,X360
766500,The Hordes of the Dead,2018/5/24,0,"Sergio Castillo, SergesChateau","Sergio Castillo, SergesChateau","0 .. 20,000",1.99,88.37209302,The House of the Dead,0,0,0.13,0,0.13,SAT
6320,The Longest Journey Demo,2007/5/1,1,Funcom,Funcom,"0 .. 20,000",0,88.37209302,The Longest Journey,0,0.01,0,0,0.02,PC
7030,Tomb Raider: Legend Demo,2007/3/29,1,Crystal Dynamics,"SQUARE ENIX, Eidos Interactive","0 .. 20,000",0,88.37209302,Tomb Raider: Legend,0.25,0.19,0.02,0.06,0.52,PS2
216690,XCOM: Enemy Unknown Demo,2012/9/24,1,Firaxis Games,2K,"0 .. 20,000",0,88.37209302,XCOM: Enemy Unknown,0.26,0.36,0,0.1,0.72,PC
2247700,Apocalypse Lords,N,0,N,N,"0 .. 20,000",,88.23529412,Lord of Apocalypse,0,0,0.1,0,0.1,PSV
3170590,Backyard Hockey '02,N,0,N,N,"0 .. 20,000",,88.23529412,Backyard Hockey,0.14,0.05,0,0,0.2,GBA
3170410,Backyard Soccer '98,N,0,N,N,"0 .. 20,000",,88.23529412,Backyard Soccer,0.07,0.05,0,0.01,0.13,PS
786980,Behind The Beyond,2018/12/14,0,Sidhanth Mohite,Bhomriska Studios,"0 .. 20,000",4.99,88.23529412,Beyond The Beyond,0.11,0.08,0.35,0.04,0.57,PS
2859370,Game of Life: Time,2024/3/18,0,N,N,"0 .. 20,000",,88.23529412,The Game of Life,0.46,0.31,0,0.05,0.83,PS
574160,Senko no Ronde 2,2017/9/6,0,G.rev Ltd.,"KOMODO, KADOKAWA CORPORATION","0 .. 20,000",39.99,88.23529412,Senko no Ronde DUO,0,0,0.03,0,0.03,X360
1630290,Yu Crossing Animals,2021/12/1,1,N,N,"0 .. 20,000",,88.23529412,Animal Crossing,1.92,0.16,0.99,0.09,3.15,GC
496810,MegaTagmension Blanc + Neptune VS Zombies (Neptunia),2016/10/3,0,"IDEA FACTORY, COMPILE HEART, TAMSOFT",Idea Factory International,"100,000 .. 200,000",14.99,88.17204301,MegaTagmension Blanc + Neptune VS Zombies,0.02,0.03,0.05,0.01,0.12,PSV
65900,Sid Meier's Civilization® V: Demo,2010/9/21,1,Firaxis Games,2K Games,"0 .. 20,000",0,88.13559322,Sid Meier's Civilization V,0.98,0.52,0,0.19,1.69,PC
1372110,JoJo's Bizarre Adventure: All-Star Battle R,2022/9/1,0,CyberConnect2 Co. Ltd.,Bandai Namco Entertainment,"200,000 .. 500,000",14.99,88.0952381,JoJo's Bizarre Adventure: All Star Battle,0.05,0.02,0.5,0.01,0.58,PS3
2290280,3D Whac-A-Mole,2023/2/6,0,wxm,wxm,"0 .. 20,000",4.99,88,Whac-A-Mole,0.07,0,0,0.01,0.08,DS
8180,Battlestations Pacific Demo,2009/5/1,1,Eidos Studio Hungary,Square Enix,"0 .. 20,000",0,88,Battlestations: Pacific,0.17,0.12,0.01,0.03,0.33,X360
3053490,Bomber Hero,N,0,N,N,"0 .. 20,000",,88,Bomberman Hero,0.27,0.06,0.08,0.05,0.47,N64
2451320,Bulletstorm VR,2024/1/18,0,Incuvo,People Can Fly,"0 .. 20,000",39.99,88,Bulletstorm,0.61,0.32,0.01,0.08,1.02,X360
2713080,Challenge N°1,N,0,Fakiapps,Fakiapps,"0 .. 20,000",2.99,88,F1 Challenge,0,0,0.18,0,0.18,SAT
2272140,Dragon Forest,N,0,N,N,"0 .. 20,000",,88,Dragon Force,0,0,0.3,0,0.3,SAT
597670,Exterminator,2017/4/5,0,"PRIME WORKS Co.,Ltd.","PRIME WORKS Co.,Ltd.","0 .. 20,000",2.99,88,Extermination,0.21,0.16,0.12,0.05,0.55,PS2
276750,Fritz Chess 14,2014/9/22,0,ChessBase,Viva Media,"20,000 .. 50,000",39.99,88,Fritz Chess,0,0.03,0,0.01,0.04,PS3
2622880,House Master,N,0,N,N,"0 .. 20,000",,88,Monster House,0.14,0.01,0,0.01,0.16,DS
2382610,Machine Heart,2023/5/10,1,N,N,"0 .. 20,000",,88,Machine Head,0.04,0.03,0,0,0.07,PS
1043360,Massive Effect,2019/3/18,0,NORSKA,NORSKA,"0 .. 20,000",0.99,88,Mass Effect,1.83,0.8,0.03,0.27,2.93,X360
4710,Medieval II: Total War™ Demo,2006/11/10,1,The Creative Assembly,SEGA,"0 .. 20,000",0,88,Medieval II: Total War,0,0.08,0,0.02,0.09,PC
33570,Patrician III,2010/11/18,0,Ascaron Entertainment ltd.,Kalypso Media Digital,"100,000 .. 200,000",4.99,88,Patrician IV,0.03,0,0,0,0.04,PC
2795110,Petal Runner,N,0,N,N,"0 .. 20,000",,88,Portal Runner,0.06,0.05,0,0.02,0.13,PS2
2777330,Phantom Dash,2024/6/14,0,Tofu Games,Tofu Games,"0 .. 20,000",0.99,88,Phantom Crash,0.03,0.01,0.01,0,0.05,XB
2327670,Pipe Dreams,2023/3/9,0,ElvGames,ElvGames,"0 .. 20,000",1.99,88,Pipe Dreams 3D,0.08,0.05,0,0.01,0.14,PS
1486670,Shadow Lost,2020/12/16,0,Limitcore studio,Limitcore studio,"0 .. 20,000",29.99,88,Lost in Shadow,0.1,0,0.01,0.01,0.12,Wii
2451370,Slime Masters,N,0,GlitchStudioGames,GlitchStudioGames,"0 .. 20,000",2.99,88,Mister Slime,0.05,0,0,0,0.05,DS
34880,Sniper Ghost Warrior 2 Demo,2013/6/25,1,City Interactive,CI Games,"0 .. 20,000",0,88,Sniper: Ghost Warrior 2,0.05,0.19,0.03,0.07,0.35,PS3
1323490,The Offering,N,0,N,N,"0 .. 20,000",,88,The Suffering,0.2,0.16,0,0.05,0.42,PS2
1154030,Titan Quest II,N,0,N,N,"0 .. 20,000",,88,Titan Quest,0.01,0.04,0,0.01,0.06,PC
1966240,Trouble Town,2022/8/19,0,BITSEC GAMES,BITSEC GAMES,"0 .. 20,000",9.99,88,Tonic Trouble,0.09,0.02,0,0,0.11,N64
803720,War Theatre,2019/3/16,0,Arcade Distillery,Arcade Distillery,"20,000 .. 50,000",9.99,88,Theatre Of War,0,0.01,0,0,0.01,PC
1847380,雷鸟Thunderbird,2022/10/9,0,HyenaStudio,HyenaStudio,"0 .. 20,000",5.99,88,Thunderbirds,0.02,0.01,0,0,0.02,GBA
415480,Hyperdevotion Noire: Goddess Black Heart (Neptunia),2016/4/26,0,"Idea Factory, Compile Heart, Sting",Idea Factory International,"100,000 .. 200,000",14.99,87.91208791,Hyperdevotion Noire: Goddess Black Heart,0.08,0.02,0.06,0.03,0.19,PSV
397720,Romance of the Three Kingdoms Maker,2015/12/9,1,"KOEI TECMO GAMES CO., LTD.","KOEI TECMO GAMES CO., LTD.","200,000 .. 500,000",9.99,87.87878788,Romance of the Three Kingdoms X,0.04,0.03,0,0.01,0.09,PS2
1621310,Atelier Sophie 2: The Alchemist of the Mysterious Dream,2022/2/24,0,"KOEI TECMO GAMES CO., LTD.","KOEI TECMO GAMES CO., LTD.","20,000 .. 50,000",59.99,87.85046729,Atelier Sophie: The Alchemist of the Mysterious Book,0.01,0.02,0.06,0.01,0.1,PS4
969990,SpongeBob SquarePants: Battle for Bikini Bottom - Rehydrated,2020/6/23,0,Purple Lamp,THQ Nordic,"1,000,000 .. 2,000,000",29.99,87.85046729,SpongeBob SquarePants: Battle for Bikini Bottom,1.08,0.45,0,0.14,1.67,PS2
1263130,PORN Pizza Delivery Boy,2020/5/30,0,REDHUB VR,REDHUB VR,"0 .. 20,000",14.99,87.80487805,Pizza Delivery Boy,0.06,0,0,0,0.07,Wii
3592,Plants vs. Zombies Demo,2009/5/5,1,"PopCap Games, Inc.","PopCap Games, Inc.","0 .. 20,000",0,87.80487805,Plants vs. Zombies,0.95,0.15,0,0.08,1.18,DS
7050,Project: Snowblind Demo,2007/3/29,1,Crystal Dynamics,"SQUARE ENIX, Eidos Interactive","0 .. 20,000",0,87.80487805,Project: Snowblind,0.1,0.08,0,0.03,0.21,PS2
58580,The Next BIG Thing Demo,2011/4/26,1,Pendulo Studios,Focus Home Interactive,"0 .. 20,000",0,87.80487805,The Next BIG Thing,0,0.05,0,0.01,0.06,PC
2935620,DDI Touring Car Championship,N,0,N,N,"0 .. 20,000",,87.71929825,Sega Touring Car Championship,0,0,0.11,0,0.11,SAT
318740,Disney The Princess and the Frog,2014/10/6,0,Griptonite Games,Disney,"0 .. 20,000",19.99,87.71929825,The Princess and the Frog,0.41,0.17,0,0.06,0.64,DS
249930,A-Train 8,2013/9/18,0,ARTDINK,KOMODO,"0 .. 20,000",19.99,87.5,A-Train,0.02,0.01,0.04,0.01,0.08,PS
2187220,Apollo Justice: Ace Attorney Trilogy,2024/1/24,0,"CAPCOM Co., Ltd.","CAPCOM Co., Ltd.","50,000 .. 100,000",49.99,87.5,Apollo Justice: Ace Attorney,0.32,0.06,0.64,0.04,1.06,DS
2991430,Asteros,N,0,N,N,"0 .. 20,000",,87.5,Asteroids,4,0.26,0,0.05,4.31,2600
2414950,Bus Simulator 23,2023/6/15,0,Daddysucc5000,Daddysucc5000,"0 .. 20,000",1.99,87.5,Bus Simulator 16,0,0.02,0,0,0.02,PC
458920,Carnival Games® VR,2016/10/27,0,Cat Daddy Games,2K,"20,000 .. 50,000",19.99,87.5,Carnival Games,2.13,1.5,0.05,0.42,4.1,Wii
3073750,Children of Mare,N,0,N,N,"0 .. 20,000",,87.5,Children of Mana,0.16,0.01,0.29,0.02,0.48,DS
2091750,Cold Way,2022/11/11,0,ant_game_projects,ant_game_projects,"0 .. 20,000",2.99,87.5,Cold War,0.02,0.01,0,0,0.02,XB
2246120,Coralina,2023/1/6,0,Gabriel Maki,ZNT Productions,"20,000 .. 50,000",1.99,87.5,Coraline,0.06,0.04,0,0.01,0.11,PS2
18430,Crazy Machines 1.5,2008/12/12,0,Fakt Software,Viva Media,"0 .. 20,000",9.99,87.5,Crazy Machines,0,0.03,0,0,0.04,DS
2278550,Deck of the Dead,2023/3/14,1,N,N,"0 .. 20,000",,87.5,Rock of the Dead,0.04,0,0,0,0.05,PS3
2583640,Defendor,2023/10/9,0,almostApixel,almostApixel,"0 .. 20,000",0.99,87.5,Defender,0.99,0.05,0,0.01,1.05,2600
273580,Descent 2,2014/2/19,0,Parallax,Interplay Inc.,"20,000 .. 50,000",9.99,87.5,Descent,0.11,0.07,0,0.01,0.19,PS
273590,Descent 3,2014/4/15,0,Outrage Entertainment,Interplay Inc.,"50,000 .. 100,000",9.99,87.5,Descent,0.11,0.07,0,0.01,0.19,PS
2154750,Descentia,N,0,N,N,"0 .. 20,000",,87.5,Descent,0.11,0.07,0,0.01,0.19,PS
1085660,Destiny 2,2019/10/1,1,Bungie,Bungie,"20,000,000 .. 50,000,000",0,87.5,Destiny,2.49,2.05,0.16,0.96,5.65,PS4
1762690,Epidemyc,2021/10/8,0,Ruben Dario Acosta,Ruben Dario Acosta,"0 .. 20,000",3.99,87.5,Epidemic,0.02,0.01,0.1,0.01,0.14,PS
1812090,Escape Academy,2022/7/13,0,Coin Crew Games,"iam8bit Presents, Skybound Games","50,000 .. 100,000",19.99,87.5,Ape Escape Academy,0.13,0.15,0,0.05,0.33,PSP
34110,Football Manager™ 2010 Demo,2009/10/14,1,Sports Interactive,SEGA,"0 .. 20,000",0,87.5,Football Manager 2010,0,0.06,0,0.01,0.07,PC
1958360,Forklore,N,0,N,N,"0 .. 20,000",,87.5,Folklore,0.2,0.05,0.05,0.03,0.33,PS3
851890,Gal*Gun 2,2018/7/20,0,"INTI CREATES CO., LTD.",PQube,"100,000 .. 200,000",29.99,87.5,Gal*Gun,0,0,0.04,0,0.04,X360
2789380,Gauntler,2024/2/23,0,Deez Games,Deez Games,"0 .. 20,000",3.99,87.5,Gauntlet,0.46,0.03,0,0.01,0.5,2600
65540,Gothic 1,2001/3/15,0,Piranha Bytes,THQ Nordic,"1,000,000 .. 2,000,000",9.99,87.5,Gothic 3,0,0.05,0,0.01,0.06,PC
1067310,Gravitas,2019/8/23,1,Galaxy Shark Studios,Galaxy Shark Studios,"200,000 .. 500,000",0,87.5,Gravitar,0.35,0.02,0,0,0.38,2600
1255920,Graviter,2021/4/8,0,Emil Markiewicz,No Gravity Games,"0 .. 20,000",7.99,87.5,Gravitar,0.35,0.02,0,0,0.38,2600
2735690,Gravitia,2024/1/10,1,N,N,"0 .. 20,000",,87.5,Gravitar,0.35,0.02,0,0,0.38,2600
2578140,I Mother,N,0,N,N,"0 .. 20,000",,87.5,Mother 3,0,0,0.39,0.01,0.4,GBA
418910,Idle Civilization,2015/11/23,0,Very Simple Idea Studios,Very Simple Idea Studios,"0 .. 20,000",4.99,87.5,Civilization II,0.15,0.11,0,0.02,0.28,PS
238370,Magicka 2,2015/5/26,0,Pieces Interactive,Paradox Interactive,"2,000,000 .. 5,000,000",14.99,87.5,Magicka,0,0.02,0,0.01,0.03,PC
313130,Metrocide,2014/12/15,0,Flat Earth Games,Flat Earth Games,"50,000 .. 100,000",12.99,87.5,Metroid,1.33,0.31,1.04,0.05,2.73,NES
738530,New Gundam Breaker,2018/9/24,0,"CRAFTS &amp; MEISTER Co., Ltd.",BANDAI NAMCO Entertainment,"100,000 .. 200,000",49.99,87.5,Gundam Breaker,0,0,0.26,0,0.26,PS3
2678070,Phoenix 2,N,1,N,N,"0 .. 20,000",,87.5,Phoenix,0.42,0.02,0,0,0.45,2600
2337640,Pinball M,2023/11/30,1,N,N,"0 .. 20,000",,87.5,Pinball,0.8,0.19,0.83,0.03,1.85,NES
2903890,R.I.S.E.,N,1,N,N,"0 .. 20,000",,87.5,R.U.S.E.,0.18,0.22,0.02,0.09,0.51,PS3
972920,Rebirth,2019/2/26,0,Pandora Entertainment,Pandora Entertainment,"0 .. 20,000",0,87.5,X Rebirth,0,0.08,0,0.01,0.08,PC
1376150,Roadkill,2022/8/10,0,Scary Monster Studios,Scary Monster Studios,"0 .. 20,000",12.99,87.5,RoadKill,0.08,0.07,0,0.02,0.17,PS2
1311930,Robot Invasion,2020/7/3,0,Karsten Todnem,Karsten Todnem,"20,000 .. 50,000",0.99,87.5,Robotech: Invasion,0.05,0.04,0,0.01,0.11,PS2
1050720,S.C.A.R,2020/7/15,0,Savage Studios,Audio Visual Enterprises S.A.,"0 .. 20,000",4.99,87.5,S.C.A.R.S,0.05,0.03,0,0.01,0.08,PS
11150,Sherlock Holmes: The Silver Earring,2009/8/6,0,Frogwares,Frogwares,"200,000 .. 500,000",9.99,87.5,Sherlock Holmes: Secret of The Silver Earring,0,0.04,0,0.01,0.04,Wii
668770,Solarium,2017/7/27,1,Sunfleck Software,Sunfleck Software,"50,000 .. 100,000",0,87.5,Polarium,0.13,0.01,0.11,0.01,0.26,DS
602080,Solaroids,2017/5/26,0,Chad Yates,DynF/X Digital LLC,"20,000 .. 50,000",9.99,87.5,Solaris,0.35,0.02,0,0,0.37,2600
2373900,Strato Supremacy,2023/4/13,0,BrainFun Games,BrainFun Games,"0 .. 20,000",4.5,87.5,Street Supremacy,0.03,0,0,0,0.03,PSP
464340,Syberia 3,2017/11/13,0,Microids,Microids,"200,000 .. 500,000",14.99,87.5,Syberia,0.1,0.02,0,0.01,0.14,DS
2976790,The Perfect Bowl,N,0,N,N,"0 .. 20,000",,87.5,The Perfect Golf,0,0,0.03,0,0.03,PS
843390,Vertigo 2,2023/3/30,0,Zach Tsiakalis-Brown,Zulubo Productions,"100,000 .. 200,000",29.99,87.5,Vertigo,0.05,0,0,0,0.05,Wii
376570,WildStar,2016/6/9,0,Carbine Studios,NCSOFT,"1,000,000 .. 2,000,000",0,87.5,Wildstar,0.08,0.07,0,0.02,0.17,PC
891220,pla_toon,2018/8/13,1,SoundAndFuryGames,SoundAndFuryGames,"100,000 .. 200,000",0,87.5,Splatoon,1.55,1.15,1.44,0.43,4.57,WiiU
613880,Zoo Tycoon: Ultimate Animal Collection,2018/9/14,0,"Frontier Developments, Asobo Studio",Xbox Game Studios,"100,000 .. 200,000",19.99,87.32394366,Zoo Tycoon 2: Ultimate Collection,0.04,0.18,0,0.04,0.26,PC
20570,"Warhammer® 40,000: Dawn of War® II Chaos Rising",2010/3/11,0,"Relic Entertainment, Feral Interactive (Mac/Linux)","SEGA, Feral Interactive (Mac/Linux)","1,000,000 .. 2,000,000",0,87.23404255,"Warhammer 40,000: Dawn of War II - Chaos Rising",0.08,0.01,0,0.01,0.1,PC
233210,Air Conflicts: Vietnam,2013/10/2,0,Games Farm,Games Farm,"100,000 .. 200,000",14.99,87.17948718,Conflict: Vietnam,0.26,0.2,0,0.07,0.53,PS2
267600,Airport Simulator 2014,2013/12/19,0,United Independent Entertainment,United Independent Entertainment,"100,000 .. 200,000",1.49,87.17948718,Airport Simulator,0,0.02,0,0,0.02,PC
319780,Airport Simulator 2015,2015/4/22,0,LinkSolutions Ltd.,rondomedia GmbH,"50,000 .. 100,000",9.99,87.17948718,Airport Simulator,0,0.02,0,0,0.02,PC
678890,Airport Simulator 2019,2018/5/31,0,Kittehface,Toplitz,"50,000 .. 100,000",3.99,87.17948718,Airport Simulator,0,0.02,0,0,0.02,PC
936160,Atelier Rorona ~The Alchemist of Arland~ DX,2018/12/3,0,"KOEI TECMO GAMES CO., LTD.","KOEI TECMO GAMES CO., LTD.","50,000 .. 100,000",39.99,87.17948718,Atelier Rorona: Alchemist of Arland,0.22,0.12,0.11,0.05,0.5,PS3
3204470,Driving Simulator,N,0,N,N,"0 .. 20,000",,87.17948718,Driving Simulator 2011,0,0.01,0,0,0.01,PC
201680,Dungeon Defenders Demo,2011/10/19,1,Trendy Entertainment,N,"0 .. 20,000",0,87.17948718,Dungeon Defenders,0.02,0,0,0,0.02,PC
39230,Dungeon Siege III Demo,2011/6/6,1,Obsidian Entertainment,Square Enix,"0 .. 20,000",0,87.17948718,Dungeon Siege III,0.17,0.14,0.03,0.06,0.39,PS3
1796440,Elimination Games,2021/11/4,0,Ammonite Design Studios Ltd,Ammonite Design Studios Ltd,"0 .. 20,000",0.99,87.17948718,Team Elimination Games,0.08,0,0,0.01,0.09,Wii
567670,Serious Sam 3 VR: BFE,2017/11/9,0,Croteam VR,"Devolver Digital, Croteam Publishing","50,000 .. 100,000",29.99,87.17948718,Serious Sam 3: BFE,0.01,0.05,0,0.01,0.08,PC
2138340,Ships Simulator 2024,N,0,N,N,"0 .. 20,000",,87.17948718,Ship Simulator 2008,0,0.01,0,0,0.02,PC
202290,Sonic Generations Demo,2012/1/17,1,Devil's Details,SEGA,"0 .. 20,000",0,87.17948718,Sonic Generations,0.6,0.73,0.02,0.28,1.63,PS3
1178790,Shiren the Wanderer: The Tower of Fortune and the Dice of Fate,2020/12/2,0,"Spike Chunsoft Co., Ltd.","Spike Chunsoft Co., Ltd.","100,000 .. 200,000",19.99,87.09677419,Shiren the Wanderer 5 Plus: Fortune Tower and the Dice of Fate,0.01,0,0.04,0,0.05,PSV
1114390,Air Combat MF,2024/6/16,0,Sonic-Alpha,NS,"0 .. 20,000",2.99,86.95652174,Air Combat,0.92,0.33,0.52,0.05,1.83,PS
991280,Air Combat XF,2018/12/18,0,Sonic-Alpha,NS,"20,000 .. 50,000",0.99,86.95652174,Air Combat,0.92,0.33,0.52,0.05,1.83,PS
340700,Aqua Panic !,2015/11/9,0,Eko Software,Eko Software,"0 .. 20,000",7.99,86.95652174,Aqua Panic!,0.01,0.01,0,0,0.02,DS
436860,Arctic alive,2016/1/29,0,Tort,Conglomerate 5,"0 .. 20,000",0.99,86.95652174,Arctic Tale,0.13,0,0,0.01,0.14,DS
302470,Battle Mages,2014/5/30,0,Targem Games,ESDigital Games,"50,000 .. 100,000",0.99,86.95652174,Battle Rage,0.04,0,0,0,0.04,Wii
7940,Call of Duty® 4: Modern Warfare® (2007),2007/11/12,0,Infinity Ward,Activision,"2,000,000 .. 5,000,000",19.99,86.95652174,Call of Duty 4: Modern Warfare,5.91,2.38,0.13,0.9,9.32,X360
10180,Call of Duty®: Modern Warfare® 2 (2009),2009/11/11,0,Infinity Ward,Activision,"5,000,000 .. 10,000,000",19.99,86.95652174,Call of Duty: Modern Warfare 2,8.52,3.63,0.08,1.29,13.51,X360
42680,Call of Duty®: Modern Warfare® 3 (2011),2011/11/7,0,"Infinity Ward, Sledgehammer Games",Activision,"2,000,000 .. 5,000,000",39.99,86.95652174,Call of Duty: Modern Warfare 3,9.03,4.28,0.13,1.32,14.76,X360
2320400,Darkzan Arena,2023/7/20,0,MrBoscheinen,MrBoscheinen,"0 .. 20,000",9.99,86.95652174,Dark Arena,0.03,0.01,0,0,0.04,GBA
987200,Dragon Racer,2019/1/31,0,Hosted Games,Hosted Games,"0 .. 20,000",7.99,86.95652174,Dragon Rage,0.03,0.02,0,0.01,0.06,PS2
2902640,Ghost Hunter,2024/4/11,0,EPRA Games,EPRA Games,"0 .. 20,000",4.99,86.95652174,Ghosthunter,0.04,0.03,0,0.01,0.09,PS2
2123540,Guitar Zeros,N,0,N,N,"0 .. 20,000",,86.95652174,Guitar Hero,1.67,0.61,0.03,0.07,2.38,PS2
216150,MapleStory,2012/8/9,1,NEXON Korea Corporation,Nexon America Inc.,"2,000,000 .. 5,000,000",0,86.95652174,MapleStory DS,0,0,0.03,0,0.03,DS
3147770,Math Seeker,2024/9/6,0,衔尾猫工作室,衔尾猫工作室,"0 .. 20,000",4.99,86.95652174,Earth Seeker,0,0,0.02,0,0.02,Wii
1128860,Men of War II,2024/5/15,0,Best Way,Fulqrum Publishing,"100,000 .. 200,000",44.99,86.95652174,Men of War,0.01,0.02,0,0.01,0.03,PC
1128810,RISK: Global Domination,2020/2/19,1,SMG Studio,SMG Studio,"2,000,000 .. 5,000,000",0,86.95652174,Risk: Global Domination,0.19,0.15,0,0.05,0.38,PS2
915200,Republique VR,2020/6/16,1,"Camouflaj, Darkwind Media",Camouflaj,"0 .. 20,000",0,86.95652174,Republique,0,0.01,0.01,0,0.01,PS4
2018190,River Raid 3D,2022/8/15,0,Aleksey,AlekseyN,"0 .. 20,000",4.99,86.95652174,River Raid,1.49,0.09,0,0.02,1.6,2600
1282710,Sakura Stars,2020/5/21,0,Super16bits,Super16bits,"0 .. 20,000",0.99,86.95652174,Sakura Wars,0,0,0.55,0,0.55,SAT
1960110,Silent Hope,2023/10/3,0,Marvelous Inc.,"XSEED Games, Marvelous USA, Inc., Marvelous","20,000 .. 50,000",39.99,86.95652174,Silent Scope,0.19,0.15,0,0.05,0.38,PS2
200710,Torchlight II,2012/9/20,0,Runic Games,Arc Games,"2,000,000 .. 5,000,000",3.99,86.95652174,Torchlight,0,0.06,0,0.02,0.07,PC
554940,VR Apocalypse,2016/12/16,0,NextGen Games,NextGen Games,"0 .. 20,000",0,86.95652174,Apocalypse,0.25,0.17,0,0.03,0.45,PS
1507740,Vamp Night,2021/1/26,0,Potato10,Potato10,"20,000 .. 50,000",1.99,86.95652174,Vampire Night,0.07,0.05,0,0.02,0.14,PS2
48150,Voodoo Dice,2010/7/15,0,Exkee,Ubisoft,"50,000 .. 100,000",4.99,86.95652174,Voodoo Vince,0.09,0.03,0,0,0.12,XB
3078650,Wedding Day,2024/8/21,0,Darklord,Yahaha Studios,"0 .. 20,000",3.99,86.95652174,Wedding Dash,0.2,0,0,0.01,0.21,DS
2950340,LEGO® Harry Potter™ Collection,2024/10/8,0,"TT Games, Double Eleven",Warner Bros. Games,"0 .. 20,000",39.99,86.79245283,Harry Potter Collection,0.28,0.21,0,0.07,0.56,PS2
48280,Might & Magic® Heroes® VI Demo,2011/9/28,1,Blackhole,Ubisoft,"0 .. 20,000",0,86.79245283,Might & Magic Heroes VI,0.12,0.14,0,0.05,0.31,PC
202670,Nancy Drew®: Alibi in Ashes,2011/11/2,0,HeR Interactive,HeR Interactive,"20,000 .. 50,000",6.99,86.79245283,Nancy Drew: Alibi In Ashes,0.03,0,0,0,0.03,PC
264930,Professional Farmer 2014 Demo,2013/12/2,1,PlayWay S.A.,United Independent Entertainment GmbH,"0 .. 20,000",0,86.79245283,Professional Farmer 2016,0,0.01,0,0,0.02,PS4
48810,Ship Simulator Extremes - Demo,2010/10/21,1,VStep,Paradox Interactive,"0 .. 20,000",0,86.79245283,Ship Simulator Extremes,0,0.04,0,0.01,0.05,PC
212480,Sonic & All-Stars Racing Transformed Collection,2013/1/31,0,Sumo Digital,SEGA,"500,000 .. 1,000,000",19.99,86.74698795,Sonic & All-Stars Racing Transformed,0.2,0.37,0,0.06,0.63,X360
3058630,Assetto Corsa EVO,N,0,N,N,"0 .. 20,000",,86.66666667,Assetto Corsa,0,0.04,0,0.01,0.05,PS4
47880,Battlefield: Bad Company 2 Vietnam,2010/12/18,0,,,,,86.66666667,Battlefield: Bad Company 2,2.09,1.02,0.04,0.32,3.48,X360
1517290,Battlefield™ 2042,2021/11/19,0,DICE,Electronic Arts,"10,000,000 .. 20,000,000",59.99,86.66666667,Battlefield 2,0,0.07,0,0.02,0.08,PC
3173110,Bush Simulator,2024/9/3,0,The Raging Studio,The Raging Studio,"0 .. 20,000",3.99,86.66666667,Bus Simulator 16,0,0.02,0,0,0.02,PC
1954570,Death Dungeon,2022/5/16,0,Light Studio,Light Studio,"0 .. 20,000",0.99,86.66666667,Deathtrap Dungeon,0.19,0.13,0,0.02,0.33,PS
1827760,Dungeon Death,2021/12/7,0,Enoops,Enoops,"0 .. 20,000",10.99,86.66666667,Deathtrap Dungeon,0.19,0.13,0,0.02,0.33,PS
2113460,Fortune Familia,N,0,N,N,"0 .. 20,000",,86.66666667,Family Fortunes,0,0.12,0,0.01,0.13,Wii
337220,Guild Commander,2015/1/23,0,GTGD,GTGD,"0 .. 20,000",9.99,86.66666667,Field Commander,0.14,0,0,0.01,0.16,PSP
999020,Mega Man Zero/ZX Legacy Collection,2020/2/25,0,"CAPCOM CO., LTD.","CAPCOM CO., LTD.","100,000 .. 200,000",29.99,86.66666667,Mega Man Legacy Collection,0.13,0,0.05,0.02,0.2,3DS
1117160,Minds of Nations,2023/4/11,0,"Omnem, CyberSports, Soul Playing Games, Ohm","Soul Playing Games, CyberSports","20,000 .. 50,000",19.99,86.66666667,End of Nations,0.01,0,0,0,0.01,PC
1157700,Pro Wrestling Sim,2021/3/29,0,Pro Wrestling Sim,Pro Wrestling Sim,"0 .. 20,000",19.99,86.66666667,Pro Wrestling,0.77,0.18,1.42,0.03,2.4,NES
1257210,Rabbit Simulator,2024/6/10,0,Meng Games,Meng Games,"0 .. 20,000",2.49,86.66666667,Rail Simulator,0,0.01,0,0,0.01,PC
1103610,Sailor Simulator,N,0,Ultimate Games S.A.,"Ultimate Games S.A., Gaming Factory S.A.","0 .. 20,000",0,86.66666667,Rail Simulator,0,0.01,0,0,0.01,PC
1351820,Shivering Hearts,2020/7/21,0,Mischa,Mischa,"0 .. 20,000",7.99,86.66666667,Shining Hearts,0,0,0.2,0,0.2,PSP
1416050,Shovel Knight Dig,2022/9/23,0,"Nitrome, Yacht Club Games",Yacht Club Games,"0 .. 20,000",24.99,86.66666667,Shovel Knight,0.07,0.04,0.01,0.01,0.13,3DS
346240,Ski Park Tycoon,2015/2/3,0,by Jan Zizka,by Jan Zizka,"0 .. 20,000",9.99,86.66666667,Sea Park Tycoon,0.02,0.01,0,0,0.03,DS
802530,Space Raiders RPG,2018/10/11,0,Geek Games,Geek Games,"0 .. 20,000",9.99,86.66666667,Space Raiders,0.01,0,0,0,0.01,GC
205370,Airline Tycoon 2 Demo,2012/4/26,1,b-Alive,Kalypso Media Digital,"0 .. 20,000",0,86.48648649,Airline Tycoon 2,0,0.04,0,0.01,0.05,PC
2476860,Alice in Dinerland,2023/11/29,0,Marginalact,Marginalact,"0 .. 20,000",9.99,86.48648649,Alice in Wonderland,0.27,0.21,0,0.05,0.53,Wii
582980,Castle of Shikigami,2017/6/15,0,"Cosmo Machia, Alfa System",KOMODO,"0 .. 20,000",11.99,86.48648649,Castle Shikigami 2,0.01,0.01,0,0,0.02,PS2
525930,Circuit Breakers Demo,2016/9/7,1,Triverske,Excalibur,"0 .. 20,000",0,86.48648649,Circuit Breakers,0.04,0.03,0,0,0.07,PS
3189870,Clash of the Kings,2024/9/25,0,Jacob Kendall,Jacob Kendall,"0 .. 20,000",0.99,86.48648649,Clash of the Titans,0.09,0.16,0.01,0.06,0.33,PS3
726950,Dark Rose Valkyrie,2018/4/10,0,"Idea Factory, Compile Heart",Idea Factory International,"0 .. 20,000",19.99,86.48648649,Black Rose Valkyrie,0,0,0.02,0,0.02,PS4
1338840,Death in the Water 2,2023/1/26,0,Lighthouse Games Studio,Lighthouse Games Studio,"50,000 .. 100,000",14.99,86.48648649,Dead in the Water,0.03,0.02,0,0,0.05,PS
1862600,Dino Island Adventure,2022/2/8,0,Sergio Rodriguez Llaves,Sergio Rodriguez Llaves,"0 .. 20,000",4.99,86.48648649,Adventure Island,0,0,1.05,0,1.05,NES
590580,Dragon of Legends,2017/12/15,0,Thrive Games,Thrive Games,"0 .. 20,000",10.99,86.48648649,Legend of the Dragon,0.06,0,0,0,0.06,Wii
1732390,Nayuta no Kiseki: KAI,2022/5/25,0,Nihon Falcom,Clouded Leopard Entertainment,"0 .. 20,000",34.99,86.48648649,Nayuta no Kiseki,0,0,0.14,0,0.14,PSP
674210,Rush to Adventure,2017/9/11,0,Digital Awakening,Digital Awakening,"0 .. 20,000",0.99,86.48648649,Sonic Rush Adventure,0.54,0.49,0.01,0.12,1.17,DS
2976840,The Great Escape Demo,2024/5/7,1,N,N,"0 .. 20,000",,86.48648649,The Great Escape,0.1,0.07,0,0.02,0.2,PS2
564480,The Great Wobo Escape,2017/9/29,0,gamifi.cc games,gamifi.cc games,"0 .. 20,000",3.99,86.48648649,The Great Escape,0.1,0.07,0,0.02,0.2,PS2
2908830,Toni Island Adventure,N,0,N,N,"0 .. 20,000",,86.48648649,Adventure Island,0,0,1.05,0,1.05,NES
2066230,Bunny Alice in Wonderland ,2024/7/30,0,Golden Goose,"Golden Goose, WeissGarden","0 .. 20,000",6.39,86.36363636,Alice in Wonderland,0.27,0.21,0,0.05,0.53,Wii
2815380,Galactic Adventures,N,0,N,N,"0 .. 20,000",,86.36363636,Spore Galactic Adventures,0,0.01,0,0,0.01,PC
411960,TY the Tasmanian Tiger,2016/12/12,0,Krome Studios,Krome Studios,"100,000 .. 200,000",14.99,86.36363636,Ty the Tasmanian Tiger,0.57,0.45,0,0.15,1.17,PS2
1607530,Treasures of the Aegean,2021/11/11,0,Undercoders,Undercoders,"0 .. 20,000",6.99,86.36363636,Treasures of the Deep,0.1,0.07,0,0.01,0.19,PS
1685750,Capcom Fighting Collection,2022/6/23,0,"CAPCOM Co., Ltd.","CAPCOM Co., Ltd.","100,000 .. 200,000",39.99,86.2745098,Capcom Fighting Evolution,0.1,0.08,0,0.03,0.2,PS2
2458370,Chronicles of the Soulforged,N,0,N,N,"0 .. 20,000",,86.2745098,Chronicles of the Sword,0.03,0.02,0,0,0.05,PS
313690,LEGO® Batman™ 3: Beyond Gotham,2014/11/11,0,TT Games Ltd,WB Games,"200,000 .. 500,000",19.99,86.20689655,Lego Batman 3: Beyond Gotham,0.48,0.38,0,0.08,0.95,X360
1114270,1912 Titanic Mystery,2019/7/17,0,Mad Data,HH-Games,"0 .. 20,000",2.49,85.71428571,Titanic Mystery,0.05,0.02,0,0.01,0.08,DS
607660,21 Days,2017/6/16,0,Hardtalk Studio,Hardtalk Studio,"0 .. 20,000",1.99,85.71428571,15 Days,0,0.01,0,0,0.01,PC
1119820,61 Days,2019/8/6,0,jormungandalf1,jormungandalf1,"0 .. 20,000",3.5,85.71428571,15 Days,0,0.01,0,0,0.01,PC
2831200,A Witch's Game,2024/6/25,0,Astro Beef,Astro Beef,"0 .. 20,000",1.99,85.71428571,A Witch's Tale,0.08,0,0.03,0.01,0.11,DS
34200,Aliens vs. Predator Demo,2010/2/3,1,Rebellion,SEGA,"0 .. 20,000",0,85.71428571,Aliens vs Predator,0.55,0.4,0,0.11,1.06,X360
2325060,Alpacalypse,2023/3/10,1,N,N,"0 .. 20,000",,85.71428571,Apocalypse,0.25,0.17,0,0.03,0.45,PS
280160,Aragami,2016/10/4,0,Lince Works,Lince Works,"500,000 .. 1,000,000",19.99,85.71428571,Amagami,0,0,0.15,0,0.15,PSP
2104750,Arcade Party,N,0,OddOneGames,OddOneGames,"0 .. 20,000",14.99,85.71428571,Arcade Party Pak,0.06,0.04,0,0.01,0.11,PS
2792510,Area 19,N,0,Braden Reddell,98 REDD GAMES,"100,000 .. 200,000",7.99,85.71428571,Area 51,0.4,0.27,0,0.05,0.72,PS
260210,Assassin’s Creed® Liberation HD,2014/1/15,0,Ubisoft Sofia,Ubisoft,"200,000 .. 500,000",19.99,85.71428571,Assassin's Creed III: Liberation,0.58,0.55,0.06,0.28,1.47,PSV
1519610,Assau!t,2021/2/5,0,!CyberApex (SkagoGames),SkagoGames,"20,000 .. 50,000",1.99,85.71428571,Assault,0.21,0.01,0,0,0.22,2600
2407300,Asteroids ++,2024/6/20,1,N,N,"0 .. 20,000",,85.71428571,Asteroids,4,0.26,0,0.05,4.31,2600
936180,Atelier Totori ~The Adventurer of Arland~ DX,2018/12/3,0,"KOEI TECMO GAMES CO., LTD.","KOEI TECMO GAMES CO., LTD.","0 .. 20,000",39.99,85.71428571,Atelier Totori: The Adventurer of Arland,0.12,0.07,0.21,0.03,0.43,PS3
1472180,Attack Tactic,N,0,N,N,"0 .. 20,000",,85.71428571,Galactic Attack,0,0,0.25,0,0.25,SAT
200240,Batman Arkham City Demo,2012/5/29,1,Rocksteady Studios,Warner Bros. Interactive Entertainment,"0 .. 20,000",0,85.71428571,Batman: Arkham City,2.7,1.91,0.11,0.8,5.53,PS3
622830,Battle Chess,2017/4/20,0,Interplay Entertainment Corp.,Interplay Entertainment Corp.,"0 .. 20,000",9.99,85.71428571,Battle vs. Chess,0,0.04,0,0.01,0.05,PS3
1262060,Battle Ram,2023/1/5,0,"Wloop777, Anatoliy Loginovskikh",khukhrovr  ,"200,000 .. 500,000",3.99,85.71428571,Battle Rage,0.04,0,0,0,0.04,Wii
3169290,Beardbarians,2024/9/24,0,SquareSweets Games,Monocle Media,"0 .. 20,000",11.99,85.71428571,Barbarian,0.07,0.06,0,0.02,0.14,PS2
292930,Black Mirror I,2014/6/17,0,"Future Games, Unknown Identity",THQ Nordic,"200,000 .. 500,000",9.99,85.71428571,Black Mirror 2,0,0.04,0,0.01,0.05,PC
654470,Blood Waves,2018/5/11,0,Light Road Games,Light Road Games,"20,000 .. 50,000",9.99,85.71428571,Blood Wake,0.43,0.12,0,0.02,0.57,XB
460640,Breached,2016/6/22,0,Drama Drifters,Nkidu Games Inc.,"20,000 .. 50,000",6.99,85.71428571,Breach,0.01,0,0,0,0.01,PC
2561710,Bruteforce,N,0,N,N,"0 .. 20,000",,85.71428571,Brute Force,0.62,0.18,0.01,0.03,0.83,XB
1962660,Call of Duty®: Modern Warfare® II,2022/10/27,0,"Infinity Ward, Raven Software, Beenox, Treyarch, High Moon Studios, Sledgehammer Games, Activision Shanghai, Demonware, Toys for Bob",Activision,"0 .. 20,000",69.99,85.71428571,Call of Duty 4: Modern Warfare,5.91,2.38,0.13,0.9,9.32,X360
2232660,Call of the Abyss,2022/12/22,0,2ev1l,2ev1l,"20,000 .. 50,000",4.99,85.71428571,Tales of the Abyss,0.42,0.19,0.14,0.06,0.82,3DS
828570,Canvas,N,0,N,N,"0 .. 20,000",,85.71428571,Canvas 2,0,0,0.02,0,0.02,PS2
1876040,Capture The Flag,N,0,N,N,"0 .. 20,000",,85.71428571,Flag Capture,0.25,0.02,0,0,0.27,2600
1265110,Chessmates,2020/4/21,0,PredposledniyRubikon,PredposledniyRubikon,"0 .. 20,000",0.99,85.71428571,Chessmaster,0.19,0.15,0,0.05,0.39,PS2
910260,Chicken VR,2018/9/1,0,"Reuben Lewis, Elan Bustos",LB Studios,"0 .. 20,000",2.99,85.71428571,Chicken Run,0.07,0.05,0,0.01,0.13,PS
2736760,Chocolatio,N,0,N,N,"0 .. 20,000",,85.71428571,Chocolatier,0.06,0,0,0,0.07,DS
2979020,Clayers,N,0,N,N,"0 .. 20,000",,85.71428571,Slayers,0,0,0.12,0,0.12,SNES
2887070,Code Red,N,1,N,N,"0 .. 20,000",,85.71428571,Code R,0,0,0.02,0,0.02,SAT
358260,Crystal Caves,2014/5/5,0,Apogee Software,Apogee Entertainment,"0 .. 20,000",4.99,85.71428571,Crystal Castles,0.72,0.04,0,0.01,0.77,2600
2366850,DAIR,2023/8/1,0,Teridax,Teridax,"0 .. 20,000",2.99,85.71428571,AIR,0,0,0.02,0,0.02,PSP
1361150,Day Island,2020/7/14,0,MACKINN7,MACKINN7,"100,000 .. 200,000",2.99,85.71428571,Dead Island,1.48,0.71,0,0.2,2.39,X360
969230,Death Space,2018/11/6,0,"Nikita ""Ghost_RUS""",Ghost_RUS Games,"0 .. 20,000",0.99,85.71428571,Dead Space,1.05,0.67,0,0.3,2.02,PS3
941460,Death Trash,2021/8/5,0,Crafting Legends,Crafting Legends,"500,000 .. 1,000,000",19.99,85.71428571,Death Trap,0.15,0.01,0,0,0.17,2600
1908620,Descend,N,0,N,N,"0 .. 20,000",,85.71428571,Descent,0.11,0.07,0,0.01,0.19,PS
845290,Destructions,2018/7/3,0,LUXO Interactive,LUK KUS SOFT,"0 .. 20,000",1.99,85.71428571,Mass Destruction,0.06,0.04,0,0.01,0.11,PS
846250,Devious,2018/7/26,0,Top Hat Curios,Nutaku Publishing,"0 .. 20,000",19.99,85.71428571,Xevious,0.18,0.06,1.27,0.01,1.52,NES
655380,Dig Dog,2018/2/8,0,"Rusty Moyher, Matt Grimm",Wild Rooster,"0 .. 20,000",3.99,85.71428571,Dig Dug,1.52,0.1,0,0.02,1.64,2600
465090,Don Bradman Cricket 17 Demo,2016/5/26,1,Big Ant Studios,Big Ant Studios,"0 .. 20,000",0,85.71428571,Don Bradman Cricket 14,0.01,0.09,0,0.02,0.12,PS4
1354450,Dragonfield,N,0,N,N,"0 .. 20,000",,85.71428571,Dragonfire,0.35,0.02,0,0,0.37,2600
1553710,Dreadhunter,2023/10/18,0,Trickster Arts,Trickster Arts,"20,000 .. 50,000",34.99,85.71428571,Headhunter,0.19,0.15,0,0.05,0.38,PS2
2384300,Duck Hunt VR,N,1,N,N,"0 .. 20,000",,85.71428571,Duck Hunt,26.93,0.63,0.28,0.47,28.31,NES
1540740,Dungen,2021/4/6,0,SVGames,SVGames,"0 .. 20,000",9.99,85.71428571,Dungeons,0.07,0.02,0,0.01,0.09,PC
2464730,Dungeon Raiders Demo,2023/6/17,1,N,N,"0 .. 20,000",,85.71428571,Dungeon Raiders,0.05,0,0,0,0.05,DS
1848720,Element Runner,2022/5/19,0,CarlPlay,CarlPlay,"0 .. 20,000",24.99,85.71428571,Element Hunter,0,0,0.01,0,0.01,DS
2844510,EndGame,2024/6/1,0,OF,OF Game,"0 .. 20,000",2.99,85.71428571,Endgame,0.04,0.03,0,0.01,0.08,PS2
16470,F.E.A.R.2: Project Origin Demo,2009/1/22,1,N,N,"0 .. 20,000",0,85.71428571,F.E.A.R. 2: Project Origin,0.32,0.15,0,0.05,0.53,X360
611660,Fallout 4 VR,2017/12/11,0,Bethesda Game Studios,Bethesda Softworks,"500,000 .. 1,000,000",23.99,85.71428571,Fallout 4,2.47,3.15,0.24,1.1,6.96,PS4
1753660,Far Sector,N,0,N,N,"0 .. 20,000",,85.71428571,Dark Sector,0.22,0.2,0.01,0.05,0.48,X360
1166130,Fighting Moore,2020/1/6,0,complicatedAloofness,complicatedAloofness,"0 .. 20,000",0.99,85.71428571,Fighting Force,0.73,0.5,0,0.09,1.32,PS
2074850,Foklor,N,0,N,N,"0 .. 20,000",,85.71428571,Folklore,0.2,0.05,0.05,0.03,0.33,PS3
914200,Football Director 2019,2018/12/14,0,"Sports Director Ltd, Alternative Software Ltd",Alternative Software Ltd,"0 .. 20,000",3.99,85.71428571,Football Director DS,0,0.1,0,0,0.1,DS
1965610,Froggie,2022/11/4,0,Vergiu,Vergiu,"0 .. 20,000",0.69,85.71428571,Frogger,3.79,0.27,0,0.11,4.16,PS
1427910,Gem Legends,2020/10/30,0,Wellore,8floor,"0 .. 20,000",4.99,85.71428571,GT Legends,0,0.02,0,0,0.02,PC
467320,God of Word,2016/9/28,0,Mega Dwarf Inc.,Mega Dwarf Inc.,"50,000 .. 100,000",4.99,85.71428571,God of War,2.71,1.29,0.02,0.43,4.45,PS2
906470,Gravia,2021/3/15,0,Dan Goyette,Self-published,"0 .. 20,000",19.99,85.71428571,Gravitar,0.35,0.02,0,0,0.38,2600
1131830,Gunk,2019/12/9,1,Electric Boogaloo Productions,Electric Boogaloo Productions,"0 .. 20,000",0,85.71428571,Gun,0.98,0.04,0,0.16,1.17,PS2
1865010,HG Adventure,2023/8/3,0,皓际,HG重工,"0 .. 20,000",13.99,85.71428571,Adventure,1.21,0.08,0,0.01,1.3,2600
1340050,Hand Shadow,N,0,Airem,Airem,"0 .. 20,000",0,85.71428571,Shadow Man,0.18,0.08,0,0.01,0.27,N64
6950,Hitman Blood Money Demo,2007/3/15,1,Io Interactive,"SQUARE ENIX, Eidos Interactive","0 .. 20,000",0,85.71428571,Hitman: Blood Money,0.25,0.19,0,0.06,0.5,PS2
673560,IOSoccer,2018/6/8,1,IOSoccer Team,IOSoccer Team,"200,000 .. 500,000",0,85.71428571,Soccer,0.18,0.23,1.53,0.02,1.96,NES
940700,Infinity Disk,2018/11/7,0,Ralph Schaedler,Ralph Schaedler,"0 .. 20,000",7.99,85.71428571,Disney Infinity,1.15,0.44,0,0.14,1.73,Wii
2055370,KaBoom!,2022/8/22,0,Merlinus Productions,Merlinus Productions,"0 .. 20,000",2.99,85.71428571,Kaboom!,1.07,0.07,0,0.01,1.15,2600
217270,Karateka,2012/12/3,0,Liquid Entertainment,Dotemu,"100,000 .. 200,000",3.99,85.71428571,Karate,0.44,0.03,0,0,0.47,2600
2566650,King of Hearts,N,0,N,N,"0 .. 20,000",,85.71428571,Kingdom Hearts,3.64,1.2,1.49,0.07,6.4,PS2
224940,Legacy of Kain: Soul Reaver 2 (2001),N,0,Crystal Dynamics,Crystal Dynamics,"500,000 .. 1,000,000",6.99,85.71428571,Legacy of Kain: Soul Reaver,0.58,0.4,0,0.07,1.04,PS
284080,Lost Squad,N,1,Oak Gear,Oak Gear,"0 .. 20,000",0,85.71428571,Ghost Squad,0.42,0.21,0.08,0.07,0.79,Wii
15920,Luxor 2,2008/6/10,0,MumboJumbo,Accelerate Games,"0 .. 20,000",9.99,85.71428571,Luxor 3,0.16,0,0,0.01,0.17,Wii
399900,Mad Snowboarding,2015/9/8,0,Denis Lapiner,Denis Lapiner,"0 .. 20,000",4.99,85.71428571,Snowboarding,0.16,0.11,0,0.02,0.29,PS
742030,MahJong,2017/11/8,0,baKno Games,baKno Games,"0 .. 20,000",24.99,85.71428571,Mahjong,0.01,0,2.13,0,2.14,NES
3180150,Mall Simulator,N,0,N,N,"0 .. 20,000",,85.71428571,Rail Simulator,0,0.01,0,0,0.01,PC
679520,Memories Off 2nd,2024/1/31,0,MAGES. Inc.,"Spike Chunsoft Co., Ltd.","0 .. 20,000",6.99,85.71428571,Memories Off,0,0,0.01,0,0.01,PSP
960730,Memories Off Sorekara,2024/1/31,0,MAGES. Inc.,"Spike Chunsoft Co., Ltd.","0 .. 20,000",6.99,85.71428571,Memories Off: Sorekara Again,0,0,0.02,0,0.02,PS2
2184580,Memories Off6 T-wave,2024/1/31,0,MAGES. Inc.,"Spike Chunsoft Co., Ltd.","0 .. 20,000",10.49,85.71428571,Memories Off 6: T-Wave,0,0,0.04,0,0.04,PS2
2180800,Midnight Margo,2024/6/18,0,Faravid Interactive,Faravid Interactive,"0 .. 20,000",7.99,85.71428571,Midnight Magic,0.47,0.03,0,0.01,0.5,2600
774261,My Little Bomb,2018/1/5,0,"Nikita ""Ghost_RUS""",Ghost_RUS Games,"0 .. 20,000",0.99,85.71428571,My Little Baby,0,0.01,0,0,0.01,DS
1715850,NAIR,2021/9/14,0,Teridax,Teridax,"0 .. 20,000",2.99,85.71428571,AIR,0,0,0.02,0,0.02,PSP
545270,NBA Playgrounds,2017/5/8,0,Saber Interactive,"Mad Dog Games, LLC","200,000 .. 500,000",0,85.71428571,EA Playground,0.69,0.48,0,0.13,1.3,Wii
2850830,NodeRunner,2024/3/8,0,AaronBacon,AaronBacon,"0 .. 20,000",4.99,85.71428571,Lode Runner,0,0,1.1,0,1.1,NES
563420,Obscura,2017/7/27,0,Obscura Team,Make Real,"0 .. 20,000",5.99,85.71428571,Obscure,0.03,0.03,0,0.01,0.07,PS2
1163600,Omega Labyrinth Life,2019/12/10,0,Matrix,D3PUBLISHER,"0 .. 20,000",59.99,85.71428571,Omega Labyrinth,0,0,0.05,0,0.05,PSV
219520,Omerta - City of Gangsters Demo,2013/1/31,1,Haemimont Games,Kalypso Media Digital,"0 .. 20,000",0,85.71428571,Omerta: City of Gangsters,0.52,0.46,0,0.17,1.15,PS3
2357570,Overwatch® 2,2023/8/10,1,N,N,"0 .. 20,000",,85.71428571,Overwatch,0.64,0.68,0.14,0.26,1.73,PS4
2712960,Palm Simulator,N,0,N,N,"0 .. 20,000",,85.71428571,Rail Simulator,0,0.01,0,0,0.01,PC
1319320,Pangman,2021/4/27,0,Ivanovich Games,Ivanovich Games,"0 .. 20,000",11.99,85.71428571,Hangman,0.35,0.02,0,0,0.38,2600
1369510,Patagon,2022/12/11,0,Something Awesome Games,Something Awesome Games,"0 .. 20,000",14.99,85.71428571,Patapon,0.33,0.25,0.07,0.17,0.81,PSP
288140,Perfect Golf,2016/5/3,0,PERFECT PARALLEL,"Perfect.Golf, Inc.","200,000 .. 500,000",34.99,85.71428571,The Perfect Golf,0,0,0.03,0,0.03,PS
553540,Phantom Brigade,2023/2/28,0,Brace Yourself Games,Brace Yourself Games,"200,000 .. 500,000",29.99,85.71428571,Phantom Brave,0.07,0.05,0,0.02,0.14,PS2
1138190,Poker Championship,2019/9/25,1,BBstudio Inc.,BBstudio Inc.,"200,000 .. 500,000",0,85.71428571,World Championship Poker,0.8,0.03,0,0.13,0.95,PS2
400,Portal,2007/10/10,0,Valve,Valve,"10,000,000 .. 20,000,000",9.99,85.71428571,Portal 2,1.41,0.51,0.01,0.17,2.1,X360
749140,Prehistorik 2,2017/11/28,0,Titus Interactive,Interplay Entertainment Corp.,"0 .. 20,000",9.99,85.71428571,Prehistorik Man,0.01,0.01,0,0,0.02,GBA
1461600,Project Sparrow,2022/3/11,0,Inspire Game Studios,Inspire Game Studios,"100,000 .. 200,000",12.99,85.71428571,Project Spark,0.11,0.05,0,0.02,0.17,XOne
2220500,Project VTS,2024/6/13,0,DT3 Digital,DT3 Digital,"0 .. 20,000",4.99,85.71428571,Project V6,0,0,0.13,0.01,0.14,PS
2717800,Project Vic,2024/3/29,0,Marco Hirschfeld,Marco Hirschfeld,"0 .. 20,000",4.99,85.71428571,Project V6,0,0,0.13,0.01,0.14,PS
656700,RICO,2019/3/14,0,Ground Shatter,Rising Star Games,"20,000 .. 50,000",19.99,85.71428571,ICO,0.23,0.18,0,0.06,0.47,PS2
363890,RPG Maker MV,2015/10/23,0,"Gotcha Gotcha Games, KADOKAWA, Yoji Ojima",Gotcha Gotcha Games,"200,000 .. 500,000",79.99,85.71428571,RPG Maker,0.11,0.07,0.29,0.03,0.5,PS
1096900,RPG Maker MZ,2020/8/27,0,"Gotcha Gotcha Games, KADOKAWA, Yoji Ojima",Gotcha Gotcha Games,"200,000 .. 500,000",79.99,85.71428571,RPG Maker,0.11,0.07,0.29,0.03,0.5,PS
521880,RPG Maker VX,2016/10/20,0,"Gotcha Gotcha Games, KADOKAWA, Yoji Ojima",Gotcha Gotcha Games,"20,000 .. 50,000",39.99,85.71428571,RPG Maker,0.11,0.07,0.29,0.03,0.5,PS
235900,RPG Maker XP,2013/12/13,0,"Gotcha Gotcha Games, KADOKAWA, Yoji Ojima",Gotcha Gotcha Games,"200,000 .. 500,000",24.99,85.71428571,RPG Maker,0.11,0.07,0.29,0.03,0.5,PS
2555260,Rage Simulator,2024/7/17,1,N,N,"0 .. 20,000",,85.71428571,Rail Simulator,0,0.01,0,0,0.01,PC
2950640,Reaktor,N,0,N,N,"0 .. 20,000",,85.71428571,Reactor,0.21,0.01,0,0,0.22,2600
1133570,Shining Starter,N,1,hellorabbitstudio,hellorabbitstudio,"0 .. 20,000",0,85.71428571,Shining Stars,0.03,0,0,0,0.03,DS
1261130,Shoot Them 2,2020/4/3,0,Cтрельба,Cтрельба,"0 .. 20,000",3.99,85.71428571,The Shoot,0.13,0.16,0.01,0.06,0.35,PS3
210470,Sniper Elite V2 Demo,2012/4/18,1,Rebellion,N,"0 .. 20,000",0,85.71428571,Sniper Elite V2,0.38,0.39,0.06,0.15,0.98,PS3
2975110,Solares,2024/8/1,0,Orbit Games Inc.,Orbit Games Inc.,"0 .. 20,000",1.99,85.71428571,Solaris,0.35,0.02,0,0,0.37,2600
2744300,Solaria,N,0,N,N,"0 .. 20,000",,85.71428571,Solaris,0.35,0.02,0,0,0.37,2600
284990,Solarix,2015/4/30,0,Playstige Interactive,Playstige Interactive,"100,000 .. 200,000",19.99,85.71428571,Solaris,0.35,0.02,0,0,0.37,2600
3040290,Sorcero,N,0,N,N,"0 .. 20,000",,85.71428571,Sorcery,0.14,0.12,0,0.05,0.31,PS3
2057860,Steam Ocean,2022/7/6,0,YeShu  Wu,YeShu  Wu,"0 .. 20,000",15.99,85.71428571,Star Ocean,0,0,0.23,0,0.23,SNES
2158160,Tales of Mathasia,2023/10/19,0,Pancake Games,"3T Labs, Ultimate Games S.A.","20,000 .. 50,000",7.99,85.71428571,Tales of Phantasia,0,0,0.54,0.04,0.58,PS
624630,TennisVR,2017/4/19,0,AbstractGameStudio,AbstractGameStudio,"0 .. 20,000",0.99,85.71428571,Tennis,0.48,0.11,1.56,0.02,2.17,NES
204410,The Darkness II Demo,2012/1/24,1,Digital Extremes,N,"0 .. 20,000",0,85.71428571,The Darkness II,0.24,0.12,0,0.03,0.39,X360
1939850,The Detective,N,0,N,N,"0 .. 20,000",,85.71428571,Touch Detective,0.06,0.03,0,0.01,0.1,DS
2172860,The Elder Scrolls Online: Necrom,2023/6/5,0,ZeniMax Online Studios,Bethesda Softworks,"0 .. 20,000",0,85.71428571,The Elder Scrolls Online,0.66,0.78,0,0.28,1.72,PS4
329960,The Evil Within Demo,2014/10/30,1,Tango Gameworks,Bethesda Game Studios,"0 .. 20,000",0,85.71428571,The Evil Within,0.55,0.84,0.11,0.31,1.81,PS4
433750,The Grandfather,2016/5/3,1,"Mikeypoo's Games, David Szymanski",Chronicle Games,"20,000 .. 50,000",0,85.71428571,The Godfather,0.89,0.03,0.01,0.15,1.09,PS2
251150,The Legend of Heroes: Trails in the Sky,2014/7/29,0,Nihon Falcom,"XSEED Games, Marvelous USA, Inc.","500,000 .. 1,000,000",19.99,85.71428571,The Legend of Heroes: Trails in the Sky SC Evolution,0,0,0.03,0,0.03,PSV
1533470,TimeShifters,2022/6/1,0,FossettGaming,FossettGaming,"20,000 .. 50,000",4.99,85.71428571,TimeShift,0.36,0.02,0,0.03,0.41,X360
1237970,Titanfall® 2,2020/6/18,0,Respawn Entertainment,Electronic Arts,"5,000,000 .. 10,000,000",29.99,85.71428571,Titanfall,1.84,0.8,0.04,0.22,2.9,XOne
1196130,Top Run,2020/2/10,0,Katata Games,Fantastico Studio,"0 .. 20,000",4.99,85.71428571,Top Gun,0.06,0,0,0.01,0.07,PS3
1631600,Tourney,2021/11/4,0,Tusky Games,Tusky Games,"0 .. 20,000",6.99,85.71428571,Journey,0.04,0.15,0,0.06,0.25,PS3
2950600,Train Simulator,N,0,N,N,"0 .. 20,000",,85.71428571,Train Simulator 2016,0,0.04,0,0,0.04,PC
2165160,Treasure Hunter VR,2023/3/1,0,"Lazy-Days LLC, Fox and Farthing",Lazy-Days LLC,"0 .. 20,000",0.99,85.71428571,Treasure Hunter G,0,0,0.2,0,0.2,SNES
2558690,Ultimate Challenge,2023/9/27,0,Li Yin,Li Yin,"0 .. 20,000",2.11,85.71428571,Ultimate Party Challenge,0.07,0,0,0.01,0.08,Wii
838690,Unleashed,2018/10/17,0,Florent Goumot-Labesse,Florent Goumot-Labesse,"0 .. 20,000",11.99,85.71428571,MX Unleashed,0.94,0.73,0,0.25,1.92,PS2
1898830,VBridger,2022/4/10,0,"PiPuProductions, Serp",PiPuProductions,"20,000 .. 50,000",9.99,85.71428571,Bridge,0.25,0.02,0,0,0.27,2600
545600,Vigilantes,2018/10/3,0,Timeslip Softworks,Timeslip Softworks,"20,000 .. 50,000",14.99,85.71428571,Vigilante 8,0.68,0.47,0,0.08,1.23,PS
1874690,Volleyhalla,N,0,N,N,"0 .. 20,000",,85.71428571,Volleyball,0.14,0.03,1.98,0,2.15,NES
1591310,World Racing '95,2021/5/28,0,Oli Taylor,Oli Taylor,"20,000 .. 50,000",0.99,85.71428571,World Racing,0.05,0.01,0,0,0.07,XB
638970,Yakuza 0,N,0,Ryu Ga Gotoku Studio,SEGA,"1,000,000 .. 2,000,000",19.99,85.71428571,Yakuza,0.03,0.02,0.74,0.01,0.8,PS2
1645980,Zolaris,2021/6/29,1,N,N,"0 .. 20,000",,85.71428571,Solaris,0.35,0.02,0,0,0.37,2600
868520,killer7,2018/11/15,0,"GRASSHOPPER MANUFACTURE INC., Engine Software BV","NIS America, Inc.","100,000 .. 200,000",19.99,85.71428571,Killer7,0.12,0.03,0,0,0.15,GC
1545010,ExZeus™: The Complete Collection,2021/9/30,0,"HyperDevbox, Sickhead Games",Ziggurat,"20,000 .. 50,000",12.99,85.24590164,The Sims: Complete Collection,0.01,0.01,0,0,0.02,PC
292800,Pajama Sam 3: You Are What You Eat From Your Head To Your Feet,2014/5/15,0,Humongous Entertainment,"Humongous Entertainment, Nightdive Studios","0 .. 20,000",6.99,85.24590164,Pajama Sam: You are What You Eat From Your Head to Your Feet,0.02,0.01,0,0,0.04,PS
1316910,Super Monkey Ball Banana Mania,2021/10/4,0,Ryu Ga Gotoku Studio,SEGA,"200,000 .. 500,000",29.99,85.24590164,Super Monkey Ball: Banana Blitz,1.07,0.92,0.04,0.24,2.27,Wii
47870,Need For Speed: Hot Pursuit,2010/12/14,0,Criterion Games,Electronic Arts,"2,000,000 .. 5,000,000",0,85.18518519,Need for Speed: Hot Pursuit,1.05,1.25,0.03,0.48,2.81,PS3
482770,Football Manager 2017 Demo,2016/11/3,1,Sports Interactive,SEGA,"0 .. 20,000",0,85.10638298,Football Manager 2010,0,0.06,0,0.01,0.07,PC
872860,Football Manager 2019 Demo,2018/11/2,1,Sports Interactive,SEGA,"0 .. 20,000",0,85.10638298,Football Manager 2010,0,0.06,0,0.01,0.07,PC
2874710,Football Manager Lifestyle,N,0,N,N,"0 .. 20,000",,85.10638298,Football Manager Live,0,0.01,0,0,0.01,PC
8080,Kane and Lynch: Dead Men™,2007/12/13,0,IO Interactive,Square Enix,"500,000 .. 1,000,000",0,85.10638298,Kane & Lynch: Dead Men,0.36,0.31,0.01,0.08,0.76,X360
3079970,Airport X-Ray Simulator,N,0,N,N,"0 .. 20,000",,85,Airport Simulator,0,0.02,0,0,0.02,PC
844900,Director of Football,2018/9/20,0,Heartline / Greencode,UniqueGames GmbH,"0 .. 20,000",1.99,85,Football Director DS,0,0.1,0,0,0.1,DS
10620,Empire: Total War™ Demo,2009/2/20,1,The Creative Assembly,SEGA,"0 .. 20,000",0,85,Empire: Total War,0.01,0.97,0,0.11,1.09,PC
1949880,Fantasy Adventure,2022/7/7,0,Yamate,Yamate,"0 .. 20,000",1.99,85,Final Fantasy Adventure,0,0,0.38,0,0.38,GB
287390,Metro: Last Light Redux,2014/8/27,0,4A Games,Deep Silver,"2,000,000 .. 5,000,000",19.99,85,Metro: Last Light,0.22,0.3,0.04,0.12,0.68,PS4
1685930,Monsters of the North,N,0,N,N,"0 .. 20,000",,85,War of the Monsters,0.26,0.2,0,0.07,0.54,PS2
550350,Tales of Berseria™ Demo,2017/1/10,1,BANDAI NAMCO Studios Inc.,BANDAI NAMCO Entertainment,"0 .. 20,000",0,85,Tales of Berseria,0,0,0.22,0,0.22,PS4
1452360,The Tides of Time,2020/11/30,0,Ohana Studio,Ohana Studio,"0 .. 20,000",3.99,85,Ecco: The Tides of Time,0,0,0.07,0,0.07,GEN
24670,Trainz™ Simulator 12,2011/6/8,0,N3V Games,N3V Games,"200,000 .. 500,000",9.99,85,Train Simulator 2016,0,0.04,0,0,0.04,PC
2972760,Ultimate Jello Party,N,0,N,N,"0 .. 20,000",,85,Ultimate Block Party,0.03,0,0,0,0.03,PSP
51000,Mystery Case Files: Return to Ravenhearst™,2010/4/21,0,Big Fish Games,Big Fish Games,"20,000 .. 50,000",9.99,84.93150685,Mystery Case Files: Ravenhearst,0.01,0.02,0,0.01,0.03,PC
2794160,Beyond The Board,N,0,N,N,"0 .. 20,000",,84.84848485,Beyond The Beyond,0.11,0.08,0.35,0.04,0.57,PS
210720,Blades of Time Demo,2012/4/20,1,Gaijin Entertainment Corporation,N,"0 .. 20,000",0,84.84848485,Blades of Time,0.07,0.03,0,0.01,0.11,X360
294510,Child of Light Demo,N,1,Ubisoft Montréal,N,"0 .. 20,000",0,84.84848485,Child of Light,0,0.07,0.02,0.02,0.11,PSV
330020,Children of Morta,2019/9/3,0,Dead Mage,11 bit studios,"500,000 .. 1,000,000",6.59,84.84848485,Children of Mana,0.16,0.01,0.29,0.02,0.48,DS
847260,Deep Dark Labyrinth,2018/6/21,0,Deep Van,Deep Van,"0 .. 20,000",0,84.84848485,Deep Labyrinth,0.06,0,0,0,0.07,DS
38420,Fallout Tactics: Brotherhood of Steel,2009/8/19,0,14° East,Bethesda Softworks,"1,000,000 .. 2,000,000",9.99,84.84848485,Fallout: Brotherhood of Steel,0.03,0.03,0,0.01,0.07,PS2
1114700,Fight For Freedom,2019/7/30,0,Shadowhite Animators LTD.,Shadowhite Animators LTD.,"0 .. 20,000",3.99,84.84848485,Freedom Fighters,0.25,0.2,0,0.07,0.52,PS2
350500,Fly in the House,2015/3/6,0,Mykhail Konokh,Mykhail Konokh,"20,000 .. 50,000",9.99,84.84848485,Cory in the House,0.11,0,0,0.01,0.12,DS
2299650,Gods From The Abyss,2023/3/3,0,Ars Creativa,Ars Creativa,"0 .. 20,000",7.99,84.84848485,From The Abyss,0.06,0,0,0,0.06,DS
595560,Legend of Hand,2017/9/27,0,Cloak and Dagger Games,Cloak and Dagger Games,"0 .. 20,000",6.99,84.84848485,Legend: Hand of God,0,0.02,0,0,0.02,PC
707450,March to Glory,2018/4/13,0,Shenandoah Studio,Slitherine Ltd.,"0 .. 20,000",19.99,84.84848485,300: March to Glory,0.27,0.08,0,0.06,0.41,PSP
1375090,Mecha Destruction,2020/8/12,0,"Sandbar3D, Jonathan Miller",Sandbar3D,"0 .. 20,000",4.99,84.84848485,Mass Destruction,0.06,0.04,0,0.01,0.11,PS
3211360,Monster MILF Hunter,2024/10/8,0,Eros Vis,Eros Vis,"0 .. 20,000",9.99,84.84848485,Monster Hunter,0.11,0.08,0.28,0.03,0.5,PS2
207510,Rayman Origins Demo,2012/2/29,1,UBIart Montpellier,Ubisoft,"0 .. 20,000",0,84.84848485,Rayman Origins,0.33,0.51,0.01,0.18,1.03,PS3
1364780,Street Fighter™ 6,2023/6/1,0,"CAPCOM Co., Ltd.","CAPCOM Co., Ltd.","2,000,000 .. 5,000,000",59.99,84.84848485,Street Fighter V,0.35,0.26,0.08,0.13,0.82,PS4
2165810,Streets of Rogue 2,N,0,N,N,"0 .. 20,000",,84.84848485,Streets of Rage,1.86,0.55,0.11,0.08,2.6,GEN
748310,Trio Adventures,2019/2/13,0,Fase 9 Studios,Fase 9 Studios,"0 .. 20,000",2.99,84.84848485,Adventures of Tron,0.63,0.03,0,0.01,0.67,2600
954620,Virtual Soccer Zone,N,1,Orwell VR,Orwell VR,"0 .. 20,000",0,84.84848485,Virtual Soccer,0,0,0.53,0,0.53,SNES
22690,Worms Reloaded Demo,2010/8/26,1,Team17 Digital Ltd,Team17 Digital Ltd,"0 .. 20,000",0,84.84848485,Worms Reloaded,0,0.04,0,0.01,0.05,PC
1069500,Ultimate Shotgun Championship,2019/5/9,0,AlluGarage,AlluGarage,"0 .. 20,000",3.99,84.74576271,Ultimate Fighting Championship,0.14,0.09,0,0.02,0.25,PS
2390420,Being The Game,N,0,N,N,"0 .. 20,000",,84.61538462,The Bee Game,0.17,0,0,0.01,0.19,DS
1158940,Blazing Sails,2023/11/13,0,"Get Up Games, Iceberg Interactive",Iceberg Interactive,"100,000 .. 200,000",5.99,84.61538462,Blazing Souls,0,0,0.02,0,0.02,PS2
1366000,Dream Of Salmon,2020/8/19,0,D.Virus,D.Virus,"20,000 .. 50,000",1.99,84.61538462,Dream Salon,0.18,0,0,0.01,0.19,DS
1897650,Dream Tactics,2024/4/15,0,Spectra Entertainment Inc., indie.io,"20,000 .. 50,000",17.99,84.61538462,Drone Tactics,0.01,0,0,0,0.02,DS
201060,Dungeons: The Dark Lord Demo,2011/10/4,1,Realmforge Studios,Kalypso Media Digital,"0 .. 20,000",0,84.61538462,Dungeons - The Dark Lord,0,0.01,0,0,0.02,PC
2269220,Futa Training,2024/1/5,0,Cute Pen Games,Cute Pen Games,"0 .. 20,000",1.04,84.61538462,Face Training,0,0,0.19,0,0.19,DS
1169510,Game Breaker,2019/12/13,0,Breaker™,Breaker™,"0 .. 20,000",8.99,84.61538462,Gundam Breaker,0,0,0.26,0,0.26,PS3
533030,Haunted Hotel,2016/10/21,0,Special Bit,Big Fish Games,"0 .. 20,000",6.99,84.61538462,Haunted House,0.13,0,0,0.01,0.14,Wii
2814950,Lazy Climbers,2024/4/26,0,Cool Car,Cool Car,"50,000 .. 100,000",3.99,84.61538462,Crazy Climber,0.21,0.01,0,0,0.22,2600
1013750,Legal Dungeon,2019/5/6,0,Somi,Somi,"50,000 .. 100,000",3.49,84.61538462,Metal Dungeon,0.02,0.01,0,0,0.03,XB
3237420,Lost Shadows,N,0,N,N,"0 .. 20,000",,84.61538462,Lost in Shadow,0.1,0,0.01,0.01,0.12,Wii
1519350,Madden NFL 22,2021/8/19,0,Tiburon,Electronic Arts,"200,000 .. 500,000",0,84.61538462,Madden NFL 10,2.52,0.09,0,0.22,2.83,X360
1760250,Madden NFL 23,2022/8/18,0,Tiburon,Electronic Arts,"200,000 .. 500,000",0,84.61538462,Madden NFL 10,2.52,0.09,0,0.22,2.83,X360
2140330,Madden NFL 24,2023/8/17,0,Tiburon,Electronic Arts,"100,000 .. 200,000",69.99,84.61538462,Madden NFL 10,2.52,0.09,0,0.22,2.83,X360
756740,Man of Honor,2017/12/7,0,Simbryo,Simbryo,"20,000 .. 50,000",9.99,84.61538462,Medal of Honor,1.28,1.05,0.07,0.43,2.83,PS3
450740,Mind Unleashed,2016/5/5,0,Frost Earth Studio,IV Productions,"0 .. 20,000",0.89,84.61538462,MX Unleashed,0.94,0.73,0,0.25,1.92,PS2
1899980,Monster Island,2022/2/28,1,N,N,"0 .. 20,000",,84.61538462,Monster Band,0.04,0,0,0,0.05,DS
787510,Muv-Luv Alternative Total Eclipse Remastered,2022/7/20,0,"aNCHOR Inc., fuzz, Inc.",aNCHOR Inc.,"0 .. 20,000",19.99,84.61538462,Muv-Luv Alternative: Total Eclipse,0,0,0.03,0,0.03,PS3
2683330,Paradise Inc,2023/12/10,0,Sinspirational Games,Sinspirational Games,"0 .. 20,000",3.99,84.61538462,Dance Paradise,0.1,0.01,0,0.01,0.12,X360
2436130,Polyroll Pocket,N,0,N,N,"0 .. 20,000",,84.61538462,Pocket Pool,0.04,0,0,0,0.04,PSP
745870,Prehistorik,2017/11/17,0,Titus Interactive,Interplay Entertainment Corp.,"0 .. 20,000",9.99,84.61538462,Prehistorik Man,0.01,0.01,0,0,0.02,GBA
1588790,Puzzle Dazzle,N,0,N,N,"0 .. 20,000",,84.61538462,Puzzle Guzzle,0.02,0,0,0,0.02,PSP
2893000,Quantum Beast,N,0,N,N,"0 .. 20,000",,84.61538462,Quantum Break,0.27,0.19,0.01,0.04,0.51,XOne
2336420,School Days,2023/9/9,0,MDickie,MDickie,"0 .. 20,000",4.99,84.61538462,School Days LxH,0,0,0.02,0,0.02,PS2
2741320,Shield Knight,2024/5/14,0,UnderLight,UnderLight,"0 .. 20,000",6.99,84.61538462,Shovel Knight,0.07,0.04,0.01,0.01,0.13,3DS
1785430,Space Gliders,2021/11/27,0,Flybridge Studio,Flybridge Studio,"0 .. 20,000",9.99,84.61538462,Space Raiders,0.01,0,0,0,0.01,GC
3178970,Stones of Power,N,0,N,N,"0 .. 20,000",,84.61538462,Power Stone,0,0,0.14,0,0.14,DC
2933930,Tetra Dungeon,N,0,N,N,"0 .. 20,000",,84.61538462,Metal Dungeon,0.02,0.01,0,0,0.03,XB
2915060,The Traveler,N,1,N,N,"0 .. 20,000",,84.61538462,Time Travelers,0,0,0.05,0,0.05,PSV
2513870,Tiny Chaos Demo,2024/2/2,1,N,N,"0 .. 20,000",,84.61538462,Demon Chaos,0,0,0.09,0,0.09,PS2
2300910,Ultimate Ball,2023/3/23,0,Old Micheal Act,Micheal Act Limited,"0 .. 20,000",1.99,84.61538462,Ultimate Band,0.2,0.03,0,0.02,0.25,Wii
851810,Ultimate Sudoku Collection,2018/5/18,1,Stanley Lam,Stanley Lam,"50,000 .. 100,000",0,84.61538462,Naruto Ultimate Collection,0.06,0.04,0,0.01,0.11,PS2
1439550,Vagrant Sword,2020/10/29,0,Elektri Inc.,Elektri Inc.,"50,000 .. 100,000",2.99,84.61538462,Vagrant Story,0.3,0.2,0.3,0.06,0.87,PS
2530850,Vampire Domain,N,0,N,N,"0 .. 20,000",,84.61538462,Vampire Rain,0.18,0,0.01,0.01,0.21,X360
1992860,Vetrix Worlds,2023/6/29,0,Vagabond,Vagabond,"0 .. 20,000",14.99,84.61538462,Tetris Worlds,1.11,0.71,0,0.27,2.08,PS2
1574030,War Of Freedom,2021/3/25,0,QUIKGAMES,QUIKGAMES,"0 .. 20,000",1.99,84.61538462,Freedom Wars,0.22,0.14,0.32,0.1,0.77,PSV
24800,Command & Conquer: Red Alert 3 - Uprising,2009/10/6,0,EA Los Angeles,Electronic Arts,"500,000 .. 1,000,000",19.88,84.50704225,Command & Conquer: Red Alert 3,0.01,0.64,0,0.02,0.67,PC
2371890,Chronicles of the Wolf,N,0,N,N,"0 .. 20,000",,84.44444444,Chronicles of the Sword,0.03,0.02,0,0,0.05,PS
316030,Disney Alice in Wonderland,2014/10/6,0,Etranges Libellules Studios,Disney,"20,000 .. 50,000",19.99,84.44444444,Alice in Wonderland,0.27,0.21,0,0.05,0.53,Wii
2560820,Dung Beetle Adventure,2023/9/29,1,N,N,"0 .. 20,000",,84.44444444,Beetle Adventure Racing!,0.4,0.2,0,0.02,0.62,N64
3035460,Fantasy Football Tactics,N,0,N,N,"0 .. 20,000",,84.44444444,Final Fantasy Tactics,0.93,0.12,1.34,0.06,2.45,PS
881090,Super Dodgeball Beats,2019/9/11,0,FinalBoss Games,N,"0 .. 20,000",12.99,84.44444444,Super Dodgeball Brawlers,0.13,0,0,0.01,0.14,DS
2519060,Call of Duty®: Modern Warfare® III,2023/11/10,0,"Sledgehammer Games, Treyarch, Infinity Ward, Beenox, Raven Software, High Moon Studios, Demonware",Activision,"0 .. 20,000",69.99,84.375,Call of Duty 4: Modern Warfare,5.91,2.38,0.13,0.9,9.32,X360
798460,Ni no Kuni Wrath of the White Witch™ Remastered,2019/9/19,0,"LEVEL5 Inc., QLOC",BANDAI NAMCO Entertainment,"100,000 .. 200,000",49.99,84.3373494,Ni no Kuni: Wrath of the White Witch,0.6,0.51,0.21,0.23,1.55,PS3
9450,"Warhammer® 40,000: Dawn of War® - Soulstorm",2008/3/5,0,Relic Entertainment,SEGA,"1,000,000 .. 2,000,000",0,84.3373494,"Warhammer 40,000: Dawn of War: Soulstorm",0,0.02,0,0,0.02,PC
368890,AR-K: The Great Escape,2015/7/14,0,GATO STUDIO,GATO STUDIO,"0 .. 20,000",7.99,84.21052632,The Great Escape,0.1,0.07,0,0.02,0.2,PS2
549160,Army Men,2017/12/20,0,The 3DO Company,2K,"0 .. 20,000",5.99,84.21052632,Army Men 3D,1.1,0.14,0,0.04,1.28,PS
1746140,AsteroidTD,2024/4/5,0,Oleg Kobzarev,Oleg Kobzarev,"0 .. 20,000",4.99,84.21052632,Asteroids,4,0.26,0,0.05,4.31,2600
741490,Atlantis VR,2017/11/3,0,MMEU,Forever Entertainment S. A.,"0 .. 20,000",0.77,84.21052632,Atlantis,1.18,0.08,0,0.01,1.27,2600
2600190,Badventure,N,0,N,N,"0 .. 20,000",,84.21052632,Adventure,1.21,0.08,0,0.01,1.3,2600
420290,Blackwake,2020/2/19,1,Mastfire Studios Pty Ltd,Mastfire Studios Pty Ltd,"200,000 .. 500,000",0,84.21052632,Blackwater,0.09,0.02,0,0.01,0.12,X360
1876550,BlastMania,N,0,N,N,"0 .. 20,000",,84.21052632,BeatMania,0,0,1.07,0.02,1.09,PS
2277160,Body Count,N,0,N,N,"0 .. 20,000",,84.21052632,Bodycount,0.05,0.06,0,0.02,0.12,PS3
2095300,Breakout 13,2023/1/8,0,ALT Lab,ALT Lab,"500,000 .. 1,000,000",9.99,84.21052632,Breakout,0.06,0.04,0,0.01,0.11,PS
1334080,Breakout VR,2020/11/13,0,Nerdvision Games,Nerdvision Games,"0 .. 20,000",8.99,84.21052632,Breakout,0.06,0.04,0,0.01,0.11,PS
541210,Cold Waters,2017/6/5,0,Killerfish Games,Killerfish Games,"100,000 .. 200,000",39.99,84.21052632,Cold War,0.02,0.01,0,0,0.02,XB
2870580,Cubed and Dangerous,2024/8/1,0,Ace High Arcade,Ace High Arcade,"0 .. 20,000",4.99,84.21052632,Armed and Dangerous,0.09,0.03,0,0,0.13,XB
2058310,Cyber Sex,2022/6/30,0,Cyber Sex Industries,Cyber Sex Industries,"0 .. 20,000",29.99,84.21052632,Cyber Sled,0,0,0.13,0.01,0.14,PS
845630,Disdoored,2018/5/31,0,Anton Riot and Co,Bitbox Ltd.,"0 .. 20,000",19.99,84.21052632,Dishonored,1.06,0.52,0.01,0.14,1.73,X360
1346460,Dungeoneers,2022/11/15,0,Rogue Sword: Strategy & Adventure Games,Rogue Sword: Strategy & Adventure Games,"20,000 .. 50,000",19.99,84.21052632,Dungeons,0.07,0.02,0,0.01,0.09,PC
288120,Dungeonmans,2014/12/9,0,Adventurepro Games LLC,Adventurepro Games LLC,"100,000 .. 200,000",14.99,84.21052632,Dungeons,0.07,0.02,0,0.01,0.09,PC
2918450,EOEOnline,2024/5/7,1,N,N,"0 .. 20,000",,84.21052632,EVE Online,0,0.19,0,0.02,0.22,PC
2679520,Echolight,2024/1/25,1,N,N,"0 .. 20,000",,84.21052632,Echo Night,0.03,0.02,0.07,0.01,0.12,PS
1151340,Fallout 76,2020/4/14,0,Bethesda Game Studios,Bethesda Softworks,"5,000,000 .. 10,000,000",9.99,84.21052632,Fallout 3,3.39,1.03,0.09,0.44,4.96,X360
3183350,Fantasy Aquarium,N,0,N,N,"0 .. 20,000",,84.21052632,Fantasy Aquarium by DS,0.07,0,0,0.01,0.07,DS
2240010,Fortress VR,N,1,N,N,"0 .. 20,000",,84.21052632,Fortress,0.23,0.08,0,0.01,0.32,GBA
2639880,GX  Sudoku,2023/10/27,0,GXPlay,GXPlay,"0 .. 20,000",0.84,84.21052632,Go! Sudoku,0.11,0,0,0.01,0.12,PSP
1032340,Gekido Kintaro's Revenge,2019/3/4,0,Naps Team,Naps Team,"0 .. 20,000",9.99,84.21052632,Gekido Advance: Kintaro's Revenge,0.02,0.01,0,0,0.03,GBA
1321890,Gravitators,2021/11/12,0,Insular Games,Insular Games,"0 .. 20,000",9.99,84.21052632,Gravitar,0.35,0.02,0,0,0.38,2600
2417100,Just Date,2023/11/15,0,Podderzhka,Podderzhka,"0 .. 20,000",4.99,84.21052632,Just Dance,3.51,3.03,0,0.73,7.27,Wii
1818230,Lodventure,2023/12/11,0,Sky Games,Sky Games,"0 .. 20,000",14.99,84.21052632,Adventure,1.21,0.08,0,0.01,1.3,2600
742300,Mega Man 11,2018/10/2,0,"CAPCOM CO., LTD.","CAPCOM CO., LTD.","200,000 .. 500,000",29.99,84.21052632,Mega Man,0.45,0.08,0.27,0.01,0.81,NES
491930,My Caligula,2024/7/2,0,Seraphim Creations,Seraphim Creations,"0 .. 20,000",4.99,84.21052632,Caligula,0,0,0.05,0,0.05,PSV
2789280,My Shadow,N,1,N,N,"0 .. 20,000",,84.21052632,Shadow Man,0.18,0.08,0,0.01,0.27,N64
1686860,NeverDeath,2022/4/25,0,Greedy Merchant,Greedy Merchant,"0 .. 20,000",19.99,84.21052632,NeverDead,0.06,0.04,0.01,0.02,0.13,PS3
2786920,Ninja Town,N,0,N,N,"0 .. 20,000",,84.21052632,Ninjatown,0.12,0,0,0.01,0.14,DS
1235710,Oddventure,N,0,Infamous Rabbit,Infamous Rabbit,"0 .. 20,000",0,84.21052632,Adventure,1.21,0.08,0,0.01,1.3,2600
2385140,Personal Trainer,2024/5/27,0,Domiek,Udder Yeti,"0 .. 20,000",12.99,84.21052632,Personal Trainer: Math,0.49,1.12,0,0.09,1.7,DS
2922030,Pixel Hunt,2024/7/11,0,Art,Art,"0 .. 20,000",0.99,84.21052632,Hot Pixel,0.03,0,0,0,0.03,PSP
1996780,Pizza Delivery Bagel,2022/7/29,0,Bagelmaster Co.,Bagelmaster Co.,"0 .. 20,000",4.99,84.21052632,Pizza Delivery Boy,0.06,0,0,0,0.07,Wii
2324750,Planeta 55,2023/6/9,0,Vidas Salavejus,Vidas Salavejus,"0 .. 20,000",9.99,84.21052632,Planet 51,0.22,0.14,0,0.04,0.4,DS
319180,Platypus II,2014/8/15,0,Idigicon,Claymatic Games,"200,000 .. 500,000",4.99,84.21052632,Platypus,0.02,0,0,0,0.02,PSP
919730,Project Z,2019/10/29,0,SlinDev,SlinDev,"0 .. 20,000",4.99,84.21052632,Project V6,0,0,0.13,0.01,0.14,PS
1203240,Remember,2019/12/20,0,Dark_Seberian,Dark_Seberian,"0 .. 20,000",0.99,84.21052632,Remember Me,0.1,0.18,0,0.07,0.35,PS3
1565200,Road Flash,2021/3/17,0,Tamashii,Tamashii,"20,000 .. 50,000",1.99,84.21052632,Road Rash,0.71,0.48,0,0.08,1.27,PS
1095560,Roguebotica,N,0,Generalis,Generalis,"0 .. 20,000",0,84.21052632,Robotica,0,0,0.06,0,0.06,SAT
2330140,Run On Home,2023/3/21,1,N,N,"0 .. 20,000",,84.21052632,Home Run,0.14,0.01,0,0,0.15,2600
2621980,SD Dungeons,N,0,N,N,"0 .. 20,000",,84.21052632,Dungeons,0.07,0.02,0,0.01,0.09,PC
1486840,SantaCraft,2020/12/15,0,Milkbag Games,Milkbag Games,"0 .. 20,000",9.99,84.21052632,StarCraft,0,0.04,0,0.01,0.05,PC
3000990,Scrabbleman,2024/6/8,1,N,N,"0 .. 20,000",,84.21052632,Scrabble,0.21,0.02,0,0.03,0.25,DS
2111870,Section 13,2023/7/19,0,"Ocean Drive Studio, Inc.","Ocean Drive Studio, Inc., Kakao Games","20,000 .. 50,000",12.99,84.21052632,Section 8,0.15,0.09,0,0.03,0.27,X360
1175480,Shadowrain,2020/2/3,0,Killed Pixel Games,Killed Pixel Games,"0 .. 20,000",0.99,84.21052632,Shadowrun,0.41,0.02,0,0.04,0.47,X360
814230,Slam Land,2018/8/7,0,Bread Machine Games,Bread Machine Games,"0 .. 20,000",7.99,84.21052632,Grand Slam,0.02,0.02,0,0,0.04,PS
3135830,Space Game,N,0,N,N,"0 .. 20,000",,84.21052632,Space Jam,0.51,0.35,0,0.06,0.92,PS
568480,Space Slam,2017/1/12,0,";), Quickdraw Studios",Quickdraw Studios,"0 .. 20,000",11.99,84.21052632,Space Jam,0.51,0.35,0,0.06,0.92,PS
2223630,Squadron,N,1,N,N,"0 .. 20,000",,84.21052632,UN Squadron,0,0,0.12,0,0.12,SNES
458430,Steel Seed,N,0,N,N,"0 .. 20,000",,84.21052632,Red Steel,0.55,0.04,0.04,0.05,0.68,Wii
1865360,Stellarium,2023/3/7,0,Arcarium,Arcarium,"0 .. 20,000",1.99,84.21052632,Stellaris,0,0.03,0,0,0.03,PC
1663330,Street Boy,N,0,N,N,"0 .. 20,000",,84.21052632,My Street,0.12,0.09,0,0.03,0.24,PS2
1198340,Summoner VR,2019/12/23,0,Broadway Entertainment Group Interactive,waycoder,"0 .. 20,000",5.99,84.21052632,Summoner,0.25,0.2,0,0.07,0.51,PS2
665880,Survivor VR,2017/7/11,0,Lucid Dream Studio,Lucid Dream Studio,"0 .. 20,000",7.99,84.21052632,Survivor,0.01,0,0,0,0.01,Wii
1659180,TD Worlds,2022/1/9,0,NewOldMax,NewOldMax,"0 .. 20,000",10.99,84.21052632,Two Worlds,0.41,0.23,0,0.07,0.71,X360
2538170,The Clubies,N,0,N,N,"0 .. 20,000",,84.21052632,The Club,0.15,0.1,0,0.02,0.27,X360
646910,The Crew™ 2,2018/6/28,0,Ivory Tower,Ubisoft,"2,000,000 .. 5,000,000",49.99,84.21052632,The Crew,0.34,1.08,0.03,0.26,1.7,PS4
1528860,The Legend of Karl,2021/2/21,1,Actplus Studio,Actplus Studio,"20,000 .. 50,000",0,84.21052632,The Legend of Kage 2,0.07,0,0,0,0.08,DS
402020,The Park®,2015/10/27,0,Funcom,Funcom,"100,000 .. 200,000",3.89,84.21052632,Theme Park,0.24,0.16,0.13,0.04,0.57,PS
870140,Treasure Hunter Man 2,2018/6/16,0,origamihero games,origamihero games,"50,000 .. 100,000",1.99,84.21052632,Treasure Hunter G,0,0,0.2,0,0.2,SNES
1376880,Ultimate Hunting®,N,0,N,N,"0 .. 20,000",,84.21052632,Ultimate Duck Hunting,0.07,0,0,0.01,0.08,Wii
458370,VR Baseball,2016/4/4,0,Rank17,Rank17,"0 .. 20,000",2.99,84.21052632,Baseball,0.73,0.1,2.35,0.02,3.2,NES
1695800,We Hidden,N,0,N,N,"0 .. 20,000",,84.21052632,The Hidden,0.08,0,0,0,0.08,3DS
1291140,重生 Rebirth,2020/5/8,0,奶貓,奶貓,"20,000 .. 50,000",24.99,84.21052632,X Rebirth,0,0.08,0,0.01,0.08,PC
630610,Disneyland Adventures,2018/9/14,0,"Frontier Developments, Asobo Studio",Xbox Game Studios,"50,000 .. 100,000",19.99,84,Kinect: Disneyland Adventures,1.73,0.46,0.02,0.18,2.38,X360
2541100,Goblin's Bizarre Adventure,2024/2/5,0,TFOA-Game,TFOA-Game,"0 .. 20,000",3.99,84,Jojo's Bizarre Adventure,0.01,0.01,0,0,0.02,PS
3189020,Kardiya: The Winds of Fate,N,0,N,N,"0 .. 20,000",,84,Kartia: The Word of Fate,0.05,0.03,0.12,0.01,0.22,PS
1521920,Merchants of the Caribbean,2021/3/3,0,GameOn Production,Alawar Casual,"0 .. 20,000",3.49,84,Pirates of the Caribbean,0.22,0.06,0,0.01,0.29,XB
740550,Record of Agarest War Mariage,2019/1/31,0,"Idea Factory, Preapp Partners","Idea Factory International, Inc.","0 .. 20,000",14.99,84,Record of Agarest War,0.18,0,0.01,0.01,0.2,X360
346060,Disney High School Musical 3: Senior Year Dance,2015/2/24,0,Page 44 Studios,Disney,"0 .. 20,000",19.99,83.95061728,High School Musical 3: Senior Year,0.64,0.76,0,0.17,1.58,DS
649640,Ashes Cricket,2017/12/15,0,Big Ant Studios,Big Ant Studios,"50,000 .. 100,000",24.99,83.87096774,Ashes Cricket 2009,0,0.23,0,0.01,0.24,Wii
359610,Assassin’s Creed® Chronicles: India,2016/1/12,0,Climax Studios,Ubisoft Entertainment,"200,000 .. 500,000",9.99,83.87096774,Assassin's Creed Chronicles,0.02,0.06,0.01,0.02,0.12,PSV
210310,Binary Domain Demo,2012/4/27,1,Devil's Details,SEGA,"0 .. 20,000",0,83.87096774,Binary Domain,0.09,0.08,0.14,0.03,0.33,PS3
2461240,Black & White Lite,2024/7/4,0,零创游戏(ZerocreationGame),方块游戏(CubeGame),"0 .. 20,000",5.99,83.87096774,Black & White,0,0.04,0,0.01,0.04,PC
1388490,Capital Simulator,2020/9/8,0,JinDing Chen,JinDing Chen,"0 .. 20,000",5.99,83.87096774,Rail Simulator,0,0.01,0,0,0.01,PC
259340,Chicken Shoot Gold,2003/11/1,0,ToonTRAXX Studios,Topware Interactive,"100,000 .. 200,000",12.99,83.87096774,Chicken Shoot,0.33,0.01,0,0.02,0.36,Wii
2847390,Escape Island,2024/5/20,0,Fika Game Studio,Fika Game Studio,"0 .. 20,000",6.99,83.87096774,Escape Dead Island,0.03,0.05,0,0.01,0.09,X360
8720,GTR Evolution Demo,2008/10/23,1,SimBin,SimBin,"0 .. 20,000",0,83.87096774,GTR Evolution,0,0.02,0,0.01,0.03,PC
1757690,Haunted Hell House,2021/10/29,1,N,N,"0 .. 20,000",,83.87096774,Haunted House,0.13,0,0,0.01,0.14,Wii
371410,Hostile Dimension,2015/6/25,0,Alrauna Studios,Play sp. z o. o.,"0 .. 20,000",1.99,83.87096774,Lost Dimension,0.07,0.03,0.02,0.03,0.14,PSV
1168600,Infinite Sparkles,2019/11/13,0,Hardspace Creative Technology,Hardspace Creative Technology,"0 .. 20,000",2.99,83.87096774,Infinite Space,0.07,0.06,0.07,0.01,0.22,DS
2411210,Mop of the Dead,2023/10/19,0,Unseen Interactive,Unseen Interactive,"0 .. 20,000",2.99,83.87096774,Rock of the Dead,0.04,0,0,0,0.05,PS3
3136510,Motor Tournament,N,0,N,N,"0 .. 20,000",,83.87096774,Tournament Pool,0.1,0,0,0.01,0.11,Wii
211203,Phantasy Star II,2012/5/2,0,N,SEGA,"0 .. 20,000",0.99,83.87096774,Phantasy Star Ø,0.16,0,0.2,0.01,0.38,DS
436880,Phantom Brave Demo,2016/7/21,1,"Nippon Ichi Software, Inc.","NIS America, Inc.","0 .. 20,000",0,83.87096774,Phantom Brave,0.07,0.05,0,0.02,0.14,PS2
789160,Plastic Rebellion,2020/9/23,0,Detalion Games S.A.,"Detalion Games S.A., Movie Games S.A.","0 .. 20,000",9.99,83.87096774,Last Rebellion,0.06,0.01,0.01,0.01,0.09,PS3
769690,Reading Simulator,2017/12/29,0,Shoho Games,Shoho Games,"0 .. 20,000",0.99,83.87096774,Rail Simulator,0,0.01,0,0,0.01,PC
1568530,Realife Simulator,N,0,N,N,"0 .. 20,000",,83.87096774,Rail Simulator,0,0.01,0,0,0.01,PC
1952970,Reality Simulator,2022/8/2,1,N,N,"0 .. 20,000",,83.87096774,Rail Simulator,0,0.01,0,0,0.01,PC
215220,Sleeping Dogs Demo,2012/8/22,1,United Front Games,N,"0 .. 20,000",0,83.87096774,Sleeping Dogs,0.31,0.5,0.05,0.19,1.06,PS3
866800,The Walking Dead: The Final Season,2018/8/13,0,Telltale Games,Skybound Games,"500,000 .. 1,000,000",19.99,83.87096774,The Walking Dead: Season One,0.4,0.25,0.03,0.11,0.79,PS3
1417960,Timeline Traveler,2020/9/28,0,Mifux Studio,Mifux Studio,"0 .. 20,000",0.99,83.87096774,Time Travelers,0,0,0.05,0,0.05,PSV
294260,Trials Fusion Demo,2015/1/5,1,"RedLynx, in collaboration with  Ubisoft Shanghai, Ubisoft Kiev",Ubisoft,"0 .. 20,000",0,83.87096774,Trials Fusion,0.13,0.21,0.01,0.08,0.43,PS4
801010,Unsolved Stories,2018/3/14,0,MadHoundGames,MadHoundGames,"0 .. 20,000",15.99,83.87096774,Unsolved Crimes,0.04,0.01,0,0,0.05,DS
224980,Tomb Raider IV: The Last Revelation (1999),2012/11/28,0,Core Design,Crystal Dynamics,"200,000 .. 500,000",6.99,83.78378378,Tomb Raider: The Last Revelation,1.15,1.14,0.06,0.13,2.48,PS
411310,"Codename: Panzers, Phase One",2016/2/18,0,"Stormregion, THQ Nordic",THQ Nordic,"50,000 .. 100,000",14.99,83.63636364,Codename: Panzers Phase Two,0,0.01,0,0,0.01,PC
24710,Command and Conquer: Red Alert 3 Demo,2008/1/16,1,EA Los Angeles,Electronic Arts,"0 .. 20,000",0,83.58208955,Command & Conquer: Red Alert 3,0.01,0.64,0,0.02,0.67,PC
1449280,Ghostbusters: The Video Game Remastered,2020/11/17,0,Saber Interactive,"Mad Dog Games, LLC","200,000 .. 500,000",24.99,83.58208955,Ghostbusters: The Video Game,0.6,0.21,0,0.08,0.88,Wii
2081090,4 The Elements,2023/8/25,0,Mito Games,Mito Games,"0 .. 20,000",7.99,83.33333333,4 Elements,0,0.04,0,0.01,0.05,PC
1578660,80s Volleyball,2021/6/3,0,Igor Ayello Borges,Igor Ayello Borges,"0 .. 20,000",0.99,83.33333333,Volleyball,0.14,0.03,1.98,0,2.15,NES
1502600,Alien X,2021/1/8,0,LTZinc,HandMade Games,"0 .. 20,000",0.99,83.33333333,Alien,0.74,0.04,0,0.01,0.79,2600
1609730,Aliens vs. Ghosts,2022/7/6,0,Sayan,Sayan,"100,000 .. 200,000",4.99,83.33333333,Monsters vs. Aliens,0.33,0.13,0,0.05,0.51,DS
592380,Apocalypse Cow,N,0,Monsters,Monsters,"0 .. 20,000",0,83.33333333,Apocalypse,0.25,0.17,0,0.03,0.45,PS
2632020,Apocalypse Inc,N,0,N,N,"0 .. 20,000",,83.33333333,Apocalypse,0.25,0.17,0,0.03,0.45,PS
1973420,Battle Charge,N,0,N,N,"0 .. 20,000",,83.33333333,Battle Rage,0.04,0,0,0,0.04,Wii
2007710,Betrix,2023/9/29,0,NJ No.1,NJ No.1,"0 .. 20,000",2.99,83.33333333,Wetrix,0.06,0.02,0,0,0.08,N64
3110250,Calice,N,0,N,N,"0 .. 20,000",,83.33333333,Malice,0.01,0.01,0,0,0.02,PS2
2942170,Cat Apocalypse,N,0,N,N,"0 .. 20,000",,83.33333333,Apocalypse,0.25,0.17,0,0.03,0.45,PS
200900,Cave Story+,2011/11/22,0,"Nicalis, Inc., Studio Pixel","Nicalis, Inc.","500,000 .. 1,000,000",14.99,83.33333333,Cave Story 3D,0.09,0.03,0.01,0.01,0.14,3DS
957370,Chess 2,N,0,N,N,"0 .. 20,000",,83.33333333,Chess,0.05,0.04,0,0.01,0.09,PS
1388760,Chess++,2020/8/21,0,JLogical Games,JLogical Games,"0 .. 20,000",2.99,83.33333333,Chess,0.05,0.04,0,0.01,0.09,PS
599670,Chess3D,2017/3/10,0,Whitefishgames,SW-Winsoft,"0 .. 20,000",9.99,83.33333333,Chess,0.05,0.04,0,0.01,0.09,PS
493380,ChessVR,2016/7/7,0,games.Sharbit,games.Sharbit,"0 .. 20,000",4.99,83.33333333,Chess,0.05,0.04,0,0.01,0.09,PS
689270,Chessia,2018/9/20,0,"Hakki Ozturk, Halil Ibrahim Ozturk",Hakki Ozturk,"0 .. 20,000",7.99,83.33333333,Chess,0.05,0.04,0,0.01,0.09,PS
1621050,Chicken Ranch,N,0,N,N,"0 .. 20,000",,83.33333333,Chicken Run,0.07,0.05,0,0.01,0.13,PS
3080030,Chroma Cross,N,0,N,N,"0 .. 20,000",,83.33333333,Chrono Cross,0.62,0.42,0.69,0.12,1.86,PS
1342660,Cobots,2021/4/9,0,Subfrost Interactive AB,Subfrost Interactive AB,"0 .. 20,000",4.99,83.33333333,Robots,0.18,0.14,0,0.05,0.36,PS2
1018020,Contra Anniversary Collection,2019/6/11,0,KONAMI,KONAMI,"200,000 .. 500,000",19.99,83.33333333,Mega Man Anniversary Collection,0.29,0.22,0,0.08,0.59,PS2
1030180,Dark Tales: Edgar Allan Poe's The Premature Burial Collector's Edition,2019/3/1,0,AMAX Interactive,Big Fish Games,"0 .. 20,000",9.99,83.33333333,Dark Tales: Edgar Allan Poe's The Premature Burial,0,0.02,0,0,0.02,PC
690790,DiRT Rally 2.0,2019/2/25,0,Codemasters,"Codemasters, Electronic Arts","1,000,000 .. 2,000,000",19.99,83.33333333,DiRT Rally,0.03,0.24,0,0.05,0.32,PS4
509920,Doc Apocalypse,2017/12/22,0,Midian Design,Screen 7,"50,000 .. 100,000",0.99,83.33333333,Apocalypse,0.25,0.17,0,0.03,0.45,PS
1101420,Dragon Call,2021/1/17,1,organelemonhouse,organelemonhouse,"0 .. 20,000",0,83.33333333,Dragon Ball Z,0,0,1.45,0,1.45,SNES
2698220,Dungeon Man,N,0,N,N,"0 .. 20,000",,83.33333333,Metal Dungeon,0.02,0.01,0,0,0.03,XB
666270,Endure,N,0,Killa Bee Software,Killa Bee Software,"0 .. 20,000",0,83.33333333,Enduro,0.81,0.05,0,0.01,0.87,2600
3127640,Eternal Link,2024/9/13,0,Lucian Diogo da Silva,LDDS GAMES,"0 .. 20,000",4.99,83.33333333,Eternal Ring,0.1,0.07,0.1,0.03,0.3,PS2
771430,Evolva,2018/1/13,0,Computer Artworks,Interplay,"200,000 .. 500,000",9.99,83.33333333,Evolve,0.35,0.41,0.05,0.15,0.95,PS4
1356790,Exp Parasite,2020/9/16,0,Zimogor,Greyhead Studio LLC,"0 .. 20,000",7.99,83.33333333,Parasite Eve,0.94,0.07,1.05,0.04,2.1,PS
3106590,Exterminant,N,0,N,N,"0 .. 20,000",,83.33333333,Extermination,0.21,0.16,0.12,0.05,0.55,PS2
872820,Football Manager 2019 Touch,2018/11/2,0,Sports Interactive,SEGA,"50,000 .. 100,000",0,83.33333333,Football Manager 2010,0,0.06,0,0.01,0.07,PC
624120,Football Manager Touch 2018,2017/11/9,0,Sports Interactive,SEGA,"20,000 .. 50,000",0,83.33333333,Football Manager 2010,0,0.06,0,0.01,0.07,PC
428490,Germination,2018/4/12,0,Sullivan Boyd &amp; Cadence Petersen,Sullivan Boyd &amp; Cadence Petersen,"0 .. 20,000",3.99,83.33333333,Extermination,0.21,0.16,0.12,0.05,0.55,PS2
2169790,Hexa Rhythm,2022/12/15,1,N,N,"0 .. 20,000",,83.33333333,Rhythm Heaven,0.58,0.51,1.93,0.14,3.17,DS
1865990,Hoppin,N,0,N,N,"0 .. 20,000",,83.33333333,Hoppie,0.02,0,0,0,0.02,DS
2706720,Hungry Jungle,2023/12/8,0,CodeAlchemy,CodeAlchemy,"0 .. 20,000",5.99,83.33333333,Jungle Hunt,1.03,0.06,0,0.01,1.1,2600
2500410,King Island 2,2024/5/2,0,AgeOfGames,AgeOfGames,"0 .. 20,000",2.99,83.33333333,Wing Island,0.03,0.01,0.01,0,0.05,Wii
2500400,King Island 3,2024/6/27,1,N,N,"0 .. 20,000",,83.33333333,Wing Island,0.03,0.01,0.01,0,0.05,Wii
1428770,Kingdom Gun,2022/7/28,0,"Incredible Two Studios, LLC","Incredible Two Studios, LLC","0 .. 20,000",4.99,83.33333333,Grand Kingdom,0.01,0.02,0.04,0.01,0.07,PSV
818320,LEGO® The Incredibles,2018/6/15,0,"TT Games, Feral Interactive (Mac)","Warner Bros. Interactive Entertainment, Feral Interactive (Mac)","100,000 .. 200,000",39.99,83.33333333,The Incredibles,0.96,1.08,0.04,0.3,2.37,PS2
2222690,Legends of Mythology,N,0,N,N,"0 .. 20,000",,83.33333333,Age of Mythology,0.02,0.06,0,0.01,0.09,PC
2490240,Logic Colors,2023/9/6,0,N,N,"0 .. 20,000",,83.33333333,Sonic Colors,0.96,0.61,0.01,0.16,1.74,Wii
15970,Luxor,2008/6/10,0,MumboJumbo,Accelerate Games,"20,000 .. 50,000",9.99,83.33333333,Luxor 3,0.16,0,0,0.01,0.17,Wii
1843800,Memory Train,2021/12/23,0,QuickBobber,QuickBobber,"0 .. 20,000",1.99,83.33333333,Trace Memory,0.15,0.01,0.12,0.01,0.3,DS
207770,Men of War: Assault Squad GOTY Demo,2012/3/20,1,Digitalmindsoft,N,"0 .. 20,000",0,83.33333333,Men of War: Assault Squad,0.01,0.03,0,0.01,0.05,PC
912790,Meteor,2018/9/8,0,Nidal alshawwaf,Nidal alshawwaf,"0 .. 20,000",2.99,83.33333333,Meteos,0.15,0.01,0.06,0.01,0.23,DS
861010,Minako,2018/6/6,0,Elliott,Hendojo,"0 .. 20,000",0.99,83.33333333,Miyako,0,0,0.02,0,0.02,PSP
983140,Monster Jaunt,2020/2/20,0,Sketch House Games,Sketch House Games,"0 .. 20,000",14.99,83.33333333,Monster Jam,0.12,0.09,0,0.03,0.24,PS2
2791300,Morph!,2024/3/24,1,N,N,"0 .. 20,000",,83.33333333,MorphX,0.05,0,0,0,0.05,X360
2182390,Pandamonium,2023/6/1,0,ToxicByteGames,ToxicByteGames,"20,000 .. 50,000",5.49,83.33333333,Pandemonium 2,0.04,0.02,0,0,0.07,PS
1808460,Perfect Date,2022/11/8,0,DreamBig Games,DreamBig Games,"0 .. 20,000",9.99,83.33333333,Perfect Dark,1.55,0.75,0.16,0.06,2.52,N64
543940,Perso,2017/4/20,0,Crepe Studios,Crepe Studios,"0 .. 20,000",4.99,83.33333333,Persona,0,0,0.42,0.03,0.45,PS
2641060,Petris,2024/2/16,0,Hot Pizza Games,Hot Pizza Games,"20,000 .. 50,000",0.99,83.33333333,Tetris,23.2,2.26,4.22,0.58,30.26,GB
1284380,Pipe Dream,N,0,Notome Games,Notome Games,"0 .. 20,000",0,83.33333333,Pipe Dreams 3D,0.08,0.05,0,0.01,0.14,PS
1467740,Pocket Plants,2020/12/7,1,Studio Sprouts,Studio Sprouts,"0 .. 20,000",0,83.33333333,Pocket Pets,0.1,0,0,0.01,0.11,DS
993030,Rebots,2024/10/7,0,FlatPonies,Astra Logical,"20,000 .. 50,000",14.99,83.33333333,Robots,0.18,0.14,0,0.05,0.36,PS2
3265110,Rocket Blaster,N,0,N,N,"0 .. 20,000",,83.33333333,Rock Blast,0.06,0,0,0,0.06,DS
2631810,Sea Raiders,N,1,N,N,"0 .. 20,000",,83.33333333,Space Raiders,0.01,0,0,0,0.01,GC
3042860,Second Shift,N,0,N,N,"0 .. 20,000",,83.33333333,Second Sight,0.07,0.05,0,0.02,0.14,PS2
1971120,Serious Sally,N,0,N,N,"0 .. 20,000",,83.33333333,Serious Sam,0.11,0.03,0,0.01,0.15,XB
1351970,Sex Apocalypse,2020/7/31,0,Slippy Floor,Slippy Floor,"0 .. 20,000",2.99,83.33333333,Apocalypse,0.25,0.17,0,0.03,0.45,PS
758330,Shenmue I & II,2018/8/21,0,D3T,SEGA,"100,000 .. 200,000",29.99,83.33333333,Shenmue II,0.22,0.08,0,0.01,0.32,XB
1680390,Shooter for Dummies,2024/1/9,0,Ferran GD QuickGames,Ferran GD QuickGgames,"0 .. 20,000",0.99,83.33333333,Poker for Dummies,0,0.01,0,0,0.01,PC
2867910,Sol Apocalypse,N,0,N,N,"0 .. 20,000",,83.33333333,Apocalypse,0.25,0.17,0,0.03,0.45,PS
1163660,Soul Reaper,2020/9/30,0,Power Level Studios Inc.,Power Level Studios Inc.,"20,000 .. 50,000",19.99,83.33333333,Soul Reaver 2,0.27,0.21,0,0.07,0.55,PS2
1193520,Space Climber,2019/12/11,0,Ferulox Studios,Ferulox Studios,"0 .. 20,000",3.99,83.33333333,Ice Climber,0.46,0.1,0.92,0.02,1.5,NES
1655560,Speeder,2021/6/28,0,Vitok,Vitok,"0 .. 20,000",4.99,83.33333333,Speed,0.04,0.02,0,0.01,0.07,Wii
2434870,Splatterpus,N,0,N,N,"0 .. 20,000",,83.33333333,Splatterhouse,0.14,0.03,0,0.01,0.18,X360
1333410,Stream Racer,2020/6/19,1,LUVI GAMES,LUVI GAMES,"50,000 .. 100,000",0,83.33333333,Street Racer,0.09,0.06,0,0.01,0.16,PS
1525700,Tavern Master,2021/11/16,0,Untitled Studio,"Untitled Studio, WhisperGames","200,000 .. 500,000",14.99,83.33333333,Rave Master,0,0,0.05,0,0.05,GC
1244800,Terraformers,2023/3/9,0,Asteroid Lab,"Goblinz Publishing, IndieArk","1,000,000 .. 2,000,000",19.99,83.33333333,Transformers,0.63,0.49,0,0.16,1.29,PS2
748520,Tevris,2017/11/23,0,Vice Age,Vice Age,"0 .. 20,000",0.99,83.33333333,Tetris,23.2,2.26,4.22,0.58,30.26,GB
1299130,The Apocalypse,2022/11/29,0,PolygonGame,PolygonGame,"0 .. 20,000",3.99,83.33333333,Apocalypse,0.25,0.17,0,0.03,0.45,PS
1377590,The Island,2021/8/10,0,Ibis Games,Ibis Games,"0 .. 20,000",1.39,83.33333333,The Dog Island,0.35,0.01,0,0.03,0.39,Wii
2987740,The Orange,2024/9/5,0,Klayser,Klayser,"0 .. 20,000",0.99,83.33333333,The Orange Box,1.09,0.54,0.02,0.17,1.83,X360
1514970,The Sabotage,N,0,N,N,"0 .. 20,000",,83.33333333,The Saboteur,0.26,0.21,0,0.05,0.51,X360
2969320,Thunder Age,2024/5/30,1,N,N,"0 .. 20,000",,83.33333333,Thunder Alley,0.01,0,0,0,0.01,GBA
1030210,Torchlight III,2020/10/13,0,Echtra Inc.,Arc Games,"1,000,000 .. 2,000,000",7.99,83.33333333,Torchlight,0,0.06,0,0.02,0.07,PC
335240,Transformice,2015/1/30,1,Atelier 801,Atelier 801,"2,000,000 .. 5,000,000",0,83.33333333,Transformers,0.63,0.49,0,0.16,1.29,PS2
3197920,Trapped Demo,2024/10/1,1,N,N,"0 .. 20,000",,83.33333333,Trapped Dead,0,0.02,0,0,0.02,PC
354770,Trigger Saint,2015/10/9,0,Aaron Arcand,Undergroundies,"0 .. 20,000",6.99,83.33333333,Trigger Man,0.08,0.06,0,0.02,0.16,PS2
1047810,Tropia,2019/4/17,0,Street Gaming Inc,BajoGames,"0 .. 20,000",3.99,83.33333333,Tropix,0.06,0,0,0,0.07,DS
2865520,Trucking Simulator,N,0,N,N,"0 .. 20,000",,83.33333333,UK Truck Simulator,0,0.03,0,0,0.03,PC
1496090,Urban Street Fighter,2020/12/24,0,Pix Arts,Pix Arts,"0 .. 20,000",4.99,83.33333333,Street Fighter V,0.35,0.26,0.08,0.13,0.82,PS4
1307070,Vetrix,2020/5/20,0,Vagabond,Vagabond,"0 .. 20,000",5.99,83.33333333,Wetrix,0.06,0.02,0,0,0.08,N64
1192060,Virus L,2020/1/13,0,Luthor Dynamics,Luthor Dynamics,"0 .. 20,000",5.99,83.33333333,Virus,0,0,0.08,0,0.08,SAT
666290,Virus Z,2017/7/23,0,Falco Software,Unikware,"0 .. 20,000",2.99,83.33333333,Virus,0,0,0.08,0,0.08,SAT
1670980,Warp Soldier,N,0,N,N,"0 .. 20,000",,83.33333333,Star Soldier,0.32,0.06,0.57,0.01,0.96,NES
1819210,X Virus,2021/12/5,0,LI YANG,LI YANG,"20,000 .. 50,000",0.99,83.33333333,Virus,0,0,0.08,0,0.08,SAT
2011600,JoJo's Bizarre Adventure: All-Star Battle R Demo,2022/9/1,1,N,N,"0 .. 20,000",,83.14606742,JoJo's Bizarre Adventure: All Star Battle,0.05,0.02,0.5,0.01,0.58,PS3
332260,Disney•Pixar Cars Mater-National Championship,2015/2/24,0,Rainbow Studios,"THQ, Disney","20,000 .. 50,000",19.99,83.11688312,Cars Mater-National Championship,0.46,0,0,0.04,0.49,Wii
1318750,18 Wheels of Steel: Hard Truck,2021/3/18,0,"SCS Software, Sunstorm Interactive, Inc.",Cosmi Valusoft,"0 .. 20,000",9.99,83.07692308,18 Wheels of Steel: Extreme Trucker,0,0.02,0,0,0.02,PC
566540,Labyrinth of Refrain: Coven of Dusk,2018/9/18,0,"Nippon Ichi Software, Inc.","NIS America, Inc.","50,000 .. 100,000",49.99,83.07692308,Coven and Labyrinth of Refrain,0,0,0.01,0,0.01,PSV
1996770,Turok 3: Shadow of Oblivion Remastered,2023/11/30,0,"Nightdive Studios, Iguana Entertainment",Nightdive Studios,"20,000 .. 50,000",29.99,83.07692308,Turok 3: Shadow of Oblivion,0.12,0.05,0,0,0.17,N64
2400430,Capcom Fighting Collection 2,N,0,N,N,"0 .. 20,000",,83.01886792,Capcom Fighting Evolution,0.1,0.08,0,0.03,0.2,PS2
